Estacao;Data;Hora;TempMaxima;Umidade Relativa Media;
83582;01/01/2011;0000;24.4;89.5;
83582;02/01/2011;0000;24.8;90.25;
83582;03/01/2011;0000;26.4;93.75;
83582;04/01/2011;0000;25.6;89.5;
83582;05/01/2011;0000;28.6;89.5;
83582;06/01/2011;0000;30.3;86.25;
83582;07/01/2011;0000;28;86.75;
83582;08/01/2011;0000;29.4;77.75;
83582;09/01/2011;0000;30.3;71.75;
83582;10/01/2011;0000;29.6;88.75;
83582;11/01/2011;0000;29.4;79.5;
83582;12/01/2011;0000;29.6;82;
83582;13/01/2011;0000;28.4;91.75;
83582;14/01/2011;0000;30.9;86;
83582;15/01/2011;0000;29.6;88.5;
83582;16/01/2011;0000;29.8;88.25;
83582;17/01/2011;0000;30.7;86.25;
83582;18/01/2011;0000;30.3;87.25;
83582;19/01/2011;0000;32.1;71.75;
83582;20/01/2011;0000;32.5;76.5;
83582;21/01/2011;0000;31.9;69.5;
83582;22/01/2011;0000;31.1;74.25;
83582;23/01/2011;0000;30.7;72.5;
83582;24/01/2011;0000;31.1;72;
83582;25/01/2011;0000;31.5;72.75;
83582;26/01/2011;0000;31.5;72.25;
83582;27/01/2011;0000;32.5;70.25;
83582;28/01/2011;0000;32.5;72.5;
83582;29/01/2011;0000;33.7;72;
83582;30/01/2011;0000;35.3;70.5;
83582;31/01/2011;0000;33.3;76;
83582;01/02/2011;0000;32.1;78.75;
83582;02/02/2011;0000;32.7;73.5;
83582;03/02/2011;0000;32.7;75.5;
83582;04/02/2011;0000;31.5;71;
83582;05/02/2011;0000;32.1;74.5;
83582;06/02/2011;0000;32.9;67;
83582;07/02/2011;0000;33;64.75;
83582;08/02/2011;0000;32.1;71;
83582;09/02/2011;0000;33.1;67.75;
83582;10/02/2011;0000;33.7;70;
83582;11/02/2011;0000;28.8;80.25;
83582;12/02/2011;0000;34;76.75;
83582;13/02/2011;0000;32.3;71.25;
83582;14/02/2011;0000;31.3;78.5;
83582;15/02/2011;0000;31.1;80.75;
83582;16/02/2011;0000;31.3;76;
83582;17/02/2011;0000;31.5;79;
83582;18/02/2011;0000;31;75.75;
83582;19/02/2011;0000;30;74.75;
83582;20/02/2011;0000;33.7;64;
83582;21/02/2011;0000;31.9;73.25;
83582;22/02/2011;0000;33.1;73.25;
83582;23/02/2011;0000;32.7;71;
83582;24/02/2011;0000;32.7;74.5;
83582;25/02/2011;0000;32.1;82.25;
83582;26/02/2011;0000;32;82;
83582;27/02/2011;0000;39.1;87;
83582;28/02/2011;0000;28;;
83582;01/03/2011;0000;31.6;82.25;
83582;02/03/2011;0000;24.8;87.75;
83582;03/03/2011;0000;23;92.25;
83582;04/03/2011;0000;22.8;96;
83582;05/03/2011;0000;24.7;94.5;
83582;06/03/2011;0000;26.4;92.5;
83582;07/03/2011;0000;26;90.25;
83582;08/03/2011;0000;28.4;87.75;
83582;09/03/2011;0000;27.8;87.5;
83582;10/03/2011;0000;29.6;82.5;
83582;11/03/2011;0000;28.6;90;
83582;12/03/2011;0000;28.4;93;
83582;13/03/2011;0000;30;87;
83582;14/03/2011;0000;29.6;93;
83582;15/03/2011;0000;29.6;87;
83582;16/03/2011;0000;30;84.25;
83582;17/03/2011;0000;28;86.5;
83582;18/03/2011;0000;28.4;91.5;
83582;19/03/2011;0000;28.4;88.25;
83582;20/03/2011;0000;25.2;85.5;
83582;21/03/2011;0000;25.2;90;
83582;22/03/2011;0000;25.8;80.75;
83582;23/03/2011;0000;26.8;80.5;
83582;24/03/2011;0000;28;84;
83582;25/03/2011;0000;31.3;81.75;
83582;26/03/2011;0000;32.1;79.25;
83582;27/03/2011;0000;32.3;80;
83582;28/03/2011;0000;32.3;77.5;
83582;29/03/2011;0000;32.1;73.25;
83582;30/03/2011;0000;31.1;81.25;
83582;31/03/2011;0000;32;87;
83582;01/04/2011;0000;31.2;81.5;
83582;02/04/2011;0000;32;86;
83582;03/04/2011;0000;30.8;84.25;
83582;04/04/2011;0000;27.4;92;
83582;05/04/2011;0000;29.4;89.5;
83582;06/04/2011;0000;28.8;87.5;
83582;07/04/2011;0000;29.8;81.5;
83582;08/04/2011;0000;29.2;83.25;
83582;09/04/2011;0000;29;80.5;
83582;10/04/2011;0000;26;86.25;
83582;11/04/2011;0000;28.2;84.5;
83582;12/04/2011;0000;28.8;80.5;
83582;13/04/2011;0000;29.9;84.5;
83582;14/04/2011;0000;30.9;84.25;
83582;15/04/2011;0000;29.1;82;
83582;16/04/2011;0000;29.7;80;
83582;17/04/2011;0000;29;81.75;
83582;18/04/2011;0000;29;80.75;
83582;19/04/2011;0000;29.6;80.25;
83582;20/04/2011;0000;28.6;80.25;
83582;21/04/2011;0000;29.4;81;
83582;22/04/2011;0000;30.9;80.5;
83582;23/04/2011;0000;30.5;79;
83582;24/04/2011;0000;30.3;78.25;
83582;25/04/2011;0000;30.7;74;
83582;26/04/2011;0000;29.4;89;
83582;27/04/2011;0000;25.2;77.75;
83582;28/04/2011;0000;24;88.25;
83582;29/04/2011;0000;27;90.5;
83582;30/04/2011;0000;27;79.75;
83582;01/05/2011;0000;29;81.25;
83582;02/05/2011;0000;27.8;94;
83582;03/05/2011;0000;28.5;75.5;
83582;04/05/2011;0000;29.6;84;
83582;05/05/2011;0000;29.8;80;
83582;06/05/2011;0000;29.2;86.25;
83582;07/05/2011;0000;29.8;80;
83582;08/05/2011;0000;28.6;80.25;
83582;09/05/2011;0000;29.2;;
83582;10/05/2011;0000;27.4;82.25;
83582;11/05/2011;0000;28;80.25;
83582;12/05/2011;0000;27.6;82;
83582;13/05/2011;0000;27.2;86.25;
83582;14/05/2011;0000;27.4;80.5;
83582;15/05/2011;0000;28.2;80.5;
83582;16/05/2011;0000;25.6;86;
83582;17/05/2011;0000;25.6;72;
83582;18/05/2011;0000;26.2;79.5;
83582;19/05/2011;0000;24.2;83;
83582;20/05/2011;0000;22.6;89;
83582;21/05/2011;0000;26.2;90.5;
83582;22/05/2011;0000;25;79.25;
83582;23/05/2011;0000;24.4;79;
83582;24/05/2011;0000;24.8;74.25;
83582;25/05/2011;0000;27.6;77.25;
83582;26/05/2011;0000;28.6;77.25;
83582;27/05/2011;0000;27.2;76;
83582;28/05/2011;0000;26.6;78.5;
83582;29/05/2011;0000;28;79;
83582;30/05/2011;0000;24.6;88.25;
83582;31/05/2011;0000;27.2;81;
83582;01/06/2011;0000;27.4;80.5;
83582;02/06/2011;0000;28;82.5;
83582;03/06/2011;0000;28;82;
83582;04/06/2011;0000;27;82;
83582;05/06/2011;0000;27;77.25;
83582;06/06/2011;0000;23.8;82;
83582;07/06/2011;0000;25.2;85.25;
83582;08/06/2011;0000;27.6;73;
83582;09/06/2011;0000;29.6;80.25;
83582;10/06/2011;0000;21.3;88.75;
83582;11/06/2011;0000;24.4;81.25;
83582;12/06/2011;0000;25;86.5;
83582;13/06/2011;0000;25.6;87.25;
83582;14/06/2011;0000;24.4;81.5;
83582;15/06/2011;0000;23.8;70.75;
83582;16/06/2011;0000;24;83.5;
83582;17/06/2011;0000;23.8;82.25;
83582;18/06/2011;0000;26;72.75;
83582;19/06/2011;0000;26.2;78.25;
83582;20/06/2011;0000;26.8;82.25;
83582;21/06/2011;0000;27;84.25;
83582;22/06/2011;0000;28;79.5;
83582;23/06/2011;0000;26.4;81.25;
83582;24/06/2011;0000;26.8;82.5;
83582;25/06/2011;0000;26.4;81.75;
83582;26/06/2011;0000;28.2;78.25;
83582;27/06/2011;0000;25;73.5;
83582;28/06/2011;0000;25.2;81.5;
83582;29/06/2011;0000;26.2;81;
83582;30/06/2011;0000;27.8;80;
83582;01/07/2011;0000;28.8;82;
83582;02/07/2011;0000;29.2;78.25;
83582;03/07/2011;0000;29.2;76.5;
83582;04/07/2011;0000;29.6;74.5;
83582;05/07/2011;0000;28.4;79;
83582;06/07/2011;0000;28.6;71;
83582;07/07/2011;0000;26.2;76.5;
83582;08/07/2011;0000;26.6;78.75;
83582;09/07/2011;0000;25.8;80.25;
83582;10/07/2011;0000;25.4;81.5;
83582;11/07/2011;0000;27.4;82;
83582;12/07/2011;0000;25.8;78.25;
83582;13/07/2011;0000;26;76.75;
83582;14/07/2011;0000;26.2;75.25;
83582;15/07/2011;0000;27.4;76.25;
83582;16/07/2011;0000;29;75.75;
83582;17/07/2011;0000;29;74.5;
83582;18/07/2011;0000;30;76.75;
83582;19/07/2011;0000;30;74.5;
83582;20/07/2011;0000;28.2;70.5;
83582;21/07/2011;0000;28.4;75.75;
83582;22/07/2011;0000;29;72;
83582;23/07/2011;0000;25.2;68.75;
83582;24/07/2011;0000;22.6;71.25;
83582;25/07/2011;0000;21.2;80;
83582;26/07/2011;0000;23.6;81;
83582;27/07/2011;0000;26.9;77;
83582;28/07/2011;0000;26.8;75.5;
83582;29/07/2011;0000;28.8;75.75;
83582;30/07/2011;0000;30.5;73;
83582;31/07/2011;0000;30.3;70.5;
83582;01/08/2011;0000;31.6;70.5;
83582;02/08/2011;0000;30.9;66.25;
83582;03/08/2011;0000;30.7;73;
83582;04/08/2011;0000;24.2;70.5;
83582;05/08/2011;0000;27.8;73.25;
83582;06/08/2011;0000;30;77.5;
83582;07/08/2011;0000;31.8;70.25;
83582;08/08/2011;0000;32.8;70.75;
83582;09/08/2011;0000;33.3;67.75;
83582;10/08/2011;0000;31;57;
83582;11/08/2011;0000;28.2;71;
83582;12/08/2011;0000;29;73.5;
83582;13/08/2011;0000;32.3;66;
83582;14/08/2011;0000;31.9;65.25;
83582;15/08/2011;0000;28.8;65.25;
83582;16/08/2011;0000;28.4;64.25;
83582;17/08/2011;0000;31.3;65;
83582;18/08/2011;0000;30.3;67;
83582;19/08/2011;0000;32.7;55.25;
83582;20/08/2011;0000;34.5;60;
83582;21/08/2011;0000;31.9;55.25;
83582;22/08/2011;0000;26.6;76.25;
83582;23/08/2011;0000;28.8;67.25;
83582;24/08/2011;0000;30.8;64.75;
83582;25/08/2011;0000;29.8;66.75;
83582;26/08/2011;0000;31.3;67;
83582;27/08/2011;0000;31.1;65.25;
83582;28/08/2011;0000;30.7;67.25;
83582;29/08/2011;0000;31.3;70.5;
83582;30/08/2011;0000;33.9;61;
83582;31/08/2011;0000;35.2;55.25;
83582;01/09/2011;0000;31.2;64;
83582;02/09/2011;0000;28.2;55.75;
83582;03/09/2011;0000;27;57.75;
83582;04/09/2011;0000;30;60;
83582;05/09/2011;0000;32.5;57.5;
83582;06/09/2011;0000;33.9;57.25;
83582;07/09/2011;0000;33.7;53;
83582;08/09/2011;0000;33.3;52.75;
83582;09/09/2011;0000;35.3;46.25;
83582;10/09/2011;0000;35.5;48.25;
83582;11/09/2011;0000;31.9;55.75;
83582;12/09/2011;0000;31.7;61.25;
83582;13/09/2011;0000;32.3;67;
83582;14/09/2011;0000;30.9;67.5;
83582;15/09/2011;0000;27.2;58.25;
83582;16/09/2011;0000;26.7;59.25;
83582;17/09/2011;0000;27.4;51.5;
83582;18/09/2011;0000;27.8;62.25;
83582;19/09/2011;0000;27.6;60.5;
83582;20/09/2011;0000;28.8;59;
83582;21/09/2011;0000;32.7;60.5;
83582;22/09/2011;0000;34.7;57.25;
83582;23/09/2011;0000;34.1;63.25;
83582;24/09/2011;0000;33;62.5;
83582;25/09/2011;0000;36.1;57.25;
83582;26/09/2011;0000;29.8;69;
83582;27/09/2011;0000;31.1;62.75;
83582;28/09/2011;0000;33.9;55.5;
83582;29/09/2011;0000;34.3;58.5;
83582;30/09/2011;0000;35.3;53;
83582;01/10/2011;0000;32.8;57;
83582;02/10/2011;0000;36;48.5;
83582;03/10/2011;0000;25.8;92.25;
83582;04/10/2011;0000;26.6;67.5;
83582;05/10/2011;0000;23.7;83.25;
83582;06/10/2011;0000;28.2;73;
83582;07/10/2011;0000;31.3;60.5;
83582;08/10/2011;0000;32.1;62;
83582;09/10/2011;0000;31.3;77.25;
83582;10/10/2011;0000;31.5;82.25;
83582;11/10/2011;0000;33.5;73.5;
83582;12/10/2011;0000;30.7;78.5;
83582;13/10/2011;0000;27.8;82;
83582;14/10/2011;0000;25.8;92.75;
83582;15/10/2011;0000;31.3;87.25;
83582;16/10/2011;0000;28;93.5;
83582;17/10/2011;0000;29.6;82.5;
83582;18/10/2011;0000;26.6;68.75;
83582;19/10/2011;0000;26.6;64.25;
83582;20/10/2011;0000;27.2;55;
83582;21/10/2011;0000;26;55;
83582;22/10/2011;0000;19.6;94;
83582;23/10/2011;0000;20;95.5;
83582;24/10/2011;0000;26.2;79.5;
83582;25/10/2011;0000;29.8;75;
83582;26/10/2011;0000;31.8;78;
83582;27/10/2011;0000;25.8;81.75;
83582;28/10/2011;0000;34;74.25;
83582;29/10/2011;0000;33;75.5;
83582;30/10/2011;0000;29.2;77.75;
83582;31/10/2011;0000;27.6;72;
83582;01/11/2011;0000;25.4;66.5;
83582;02/11/2011;0000;26.8;71;
83582;03/11/2011;0000;27.8;67.25;
83582;04/11/2011;0000;30;67.25;
83582;05/11/2011;0000;30.3;68.5;
83582;06/11/2011;0000;30.2;58.5;
83582;07/11/2011;0000;28.2;84;
83582;08/11/2011;0000;29.8;73;
83582;09/11/2011;0000;29;74.5;
83582;10/11/2011;0000;30.5;72.5;
83582;11/11/2011;0000;32.5;65.25;
83582;12/11/2011;0000;32.5;66.5;
83582;13/11/2011;0000;28.6;76.25;
83582;14/11/2011;0000;29.4;86.25;
83582;15/11/2011;0000;26;86.75;
83582;16/11/2011;0000;30.3;67.5;
83582;17/11/2011;0000;30.3;73;
83582;18/11/2011;0000;30.3;78.25;
83582;19/11/2011;0000;30.3;74.5;
83582;20/11/2011;0000;27.8;80;
83582;21/11/2011;0000;29;70.25;
83582;22/11/2011;0000;29.4;83.5;
83582;23/11/2011;0000;30.9;74.75;
83582;24/11/2011;0000;32.5;65.75;
83582;25/11/2011;0000;32.5;72.25;
83582;26/11/2011;0000;24.6;91;
83582;27/11/2011;0000;23.6;89.25;
83582;28/11/2011;0000;25.6;89.75;
83582;29/11/2011;0000;27.8;82;
83582;30/11/2011;0000;29;84.75;
83582;01/12/2011;0000;29.4;80.5;
83582;02/12/2011;0000;29.6;82.75;
83582;03/12/2011;0000;28.4;77.5;
83582;04/12/2011;0000;28.4;79;
83582;05/12/2011;0000;29.6;73.25;
83582;06/12/2011;0000;30.6;74.25;
83582;07/12/2011;0000;25.8;88.5;
83582;08/12/2011;0000;27.2;92.75;
83582;09/12/2011;0000;26.4;90.75;
83582;10/12/2011;0000;23;93;
83582;11/12/2011;0000;28;84.75;
83582;12/12/2011;0000;30;82.25;
83582;13/12/2011;0000;32.1;77;
83582;14/12/2011;0000;28.8;88.25;
83582;15/12/2011;0000;25.4;95.5;
83582;16/12/2011;0000;27.4;87.5;
83582;17/12/2011;0000;29;86.25;
83582;18/12/2011;0000;27;89;
83582;19/12/2011;0000;28;92.75;
83582;20/12/2011;0000;30.6;81.25;
83582;21/12/2011;0000;30.2;87.75;
83582;22/12/2011;0000;30.3;70.75;
83582;23/12/2011;0000;30.4;75;
83582;24/12/2011;0000;30.4;72.75;
83582;25/12/2011;0000;32.1;80;
83582;26/12/2011;0000;28;89.25;
83582;27/12/2011;0000;27.8;87.75;
83582;28/12/2011;0000;28.2;87.25;
83582;29/12/2011;0000;29.4;91.5;
83582;30/12/2011;0000;30;84.25;
83582;31/12/2011;0000;28.2;86.25;
83582;01/01/2012;0000;26.8;88.25;
83582;02/01/2012;0000;22.8;95;
83582;03/01/2012;0000;29.4;79;
83582;04/01/2012;0000;30.3;80.75;
83582;05/01/2012;0000;30;80.75;
83582;06/01/2012;0000;27.6;90.75;
83582;07/01/2012;0000;27.4;92.75;
83582;08/01/2012;0000;24.6;94;
83582;09/01/2012;0000;22.6;92.5;
83582;10/01/2012;0000;23.2;94;
83582;11/01/2012;0000;22.8;90.25;
83582;12/01/2012;0000;25.2;85.25;
83582;13/01/2012;0000;26.6;89;
83582;14/01/2012;0000;30.7;90;
83582;15/01/2012;0000;29.2;90;
83582;16/01/2012;0000;30;82.25;
83582;17/01/2012;0000;28.6;87.5;
83582;18/01/2012;0000;29.8;86.5;
83582;19/01/2012;0000;27.8;84.25;
83582;20/01/2012;0000;26.2;86.25;
83582;21/01/2012;0000;30.2;79.25;
83582;22/01/2012;0000;30.7;63.5;
83582;23/01/2012;0000;30.4;74;
83582;24/01/2012;0000;29.6;76.5;
83582;25/01/2012;0000;30;76.75;
83582;26/01/2012;0000;32.1;77;
83582;27/01/2012;0000;29.6;88.75;
83582;28/01/2012;0000;30;83;
83582;29/01/2012;0000;28.2;94.5;
83582;30/01/2012;0000;28.4;82.25;
83582;31/01/2012;0000;29.4;86.25;
83582;01/02/2012;0000;29.2;83.5;
83582;02/02/2012;0000;29.2;80.25;
83582;03/02/2012;0000;30;69;
83582;04/02/2012;0000;29.8;54.5;
83582;05/02/2012;0000;31.1;62.5;
83582;06/02/2012;0000;32.5;68.75;
83582;07/02/2012;0000;34.7;64.5;
83582;08/02/2012;0000;35.1;69.75;
83582;09/02/2012;0000;35.3;70.75;
83582;10/02/2012;0000;30;81;
83582;11/02/2012;0000;26.2;;
83582;12/02/2012;0000;27;96;
83582;13/02/2012;0000;25.4;92.5;
83582;14/02/2012;0000;29.6;81.25;
83582;15/02/2012;0000;30.8;71.5;
83582;16/02/2012;0000;29.6;80.75;
83582;17/02/2012;0000;30.5;73.25;
83582;18/02/2012;0000;30.4;71.5;
83582;19/02/2012;0000;31;76.5;
83582;20/02/2012;0000;29.4;76.25;
83582;21/02/2012;0000;30.7;68.5;
83582;22/02/2012;0000;30.7;84;
83582;23/02/2012;0000;29.6;88.25;
83582;24/02/2012;0000;31.9;78.75;
83582;25/02/2012;0000;30.8;77.25;
83582;26/02/2012;0000;32.7;70.5;
83582;27/02/2012;0000;32.9;77;
83582;28/02/2012;0000;33.3;70.5;
83582;29/02/2012;0000;33.5;72;
83582;01/03/2012;0000;33.9;71.75;
83582;02/03/2012;0000;34.1;69.75;
83582;03/03/2012;0000;34.7;70;
83582;04/03/2012;0000;30.9;71.25;
83582;05/03/2012;0000;30;72;
83582;06/03/2012;0000;31.7;72.75;
83582;07/03/2012;0000;30.5;72.75;
83582;08/03/2012;0000;30.7;72.75;
83582;09/03/2012;0000;32.1;71.5;
83582;10/03/2012;0000;29.4;81.25;
83582;11/03/2012;0000;30.5;85;
83582;12/03/2012;0000;28.8;92.5;
83582;13/03/2012;0000;29.2;89;
83582;14/03/2012;0000;29;86;
83582;15/03/2012;0000;32.3;83;
83582;16/03/2012;0000;29;94;
83582;17/03/2012;0000;25;91.5;
83582;18/03/2012;0000;26;75.25;
83582;19/03/2012;0000;22.8;89.5;
83582;20/03/2012;0000;29;79.75;
83582;21/03/2012;0000;34.1;83.25;
83582;22/03/2012;0000;30.5;84.5;
83582;23/03/2012;0000;29;89;
83582;24/03/2012;0000;30.6;85;
83582;25/03/2012;0000;32.1;83.5;
83582;26/03/2012;0000;31.3;85.5;
83582;27/03/2012;0000;30;75.5;
83582;28/03/2012;0000;30;89;
83582;29/03/2012;0000;27.2;87.5;
83582;30/03/2012;0000;31.1;82;
83582;31/03/2012;0000;29.8;78;
83582;01/04/2012;0000;30;77.75;
83582;02/04/2012;0000;28.4;83;
83582;03/04/2012;0000;27.8;84.75;
83582;04/04/2012;0000;29.4;85.75;
83582;05/04/2012;0000;33.1;77.25;
83582;06/04/2012;0000;31.7;87.75;
83582;07/04/2012;0000;29.8;83.25;
83582;08/04/2012;0000;29.2;85;
83582;09/04/2012;0000;29.6;78;
83582;10/04/2012;0000;29.8;80.25;
83582;11/04/2012;0000;29.8;78.75;
83582;12/04/2012;0000;30;77.75;
83582;13/04/2012;0000;29.8;80.5;
83582;14/04/2012;0000;31.1;77;
83582;15/04/2012;0000;29.6;78.75;
83582;16/04/2012;0000;32.7;75.75;
83582;17/04/2012;0000;25;88.5;
83582;18/04/2012;0000;29.4;83;
83582;19/04/2012;0000;28.8;76.25;
83582;20/04/2012;0000;29;80;
83582;21/04/2012;0000;30;78.75;
83582;22/04/2012;0000;27.6;81.75;
83582;23/04/2012;0000;26.8;87.5;
83582;24/04/2012;0000;28.4;84.5;
83582;25/04/2012;0000;28.8;89;
83582;26/04/2012;0000;29.6;85.5;
83582;27/04/2012;0000;30;81.25;
83582;28/04/2012;0000;30.3;87;
83582;29/04/2012;0000;24.4;88;
83582;30/04/2012;0000;28;88.25;
83582;01/05/2012;0000;24.8;73.5;
83582;02/05/2012;0000;25.6;67.75;
83582;03/05/2012;0000;25.2;73.25;
83582;04/05/2012;0000;26.2;74.75;
83582;05/05/2012;0000;27.8;78.75;
83582;06/05/2012;0000;27.2;71;
83582;07/05/2012;0000;25.4;67;
83582;08/05/2012;0000;23.2;81.5;
83582;09/05/2012;0000;25;84.25;
83582;10/05/2012;0000;27.6;82;
83582;11/05/2012;0000;29;76;
83582;12/05/2012;0000;22.2;89.5;
83582;13/05/2012;0000;25.4;88.25;
83582;14/05/2012;0000;24.4;95;
83582;15/05/2012;0000;19.6;91.5;
83582;16/05/2012;0000;21.2;93;
83582;17/05/2012;0000;22.6;82.25;
83582;18/05/2012;0000;24.2;76;
83582;19/05/2012;0000;23.6;78.75;
83582;20/05/2012;0000;25.6;84.75;
83582;21/05/2012;0000;25.2;83.25;
83582;22/05/2012;0000;23.6;86.25;
83582;23/05/2012;0000;24.6;86.75;
83582;24/05/2012;0000;25.4;87.25;
83582;25/05/2012;0000;28;84.5;
83582;26/05/2012;0000;26;90;
83582;27/05/2012;0000;28.8;81.75;
83582;28/05/2012;0000;27;86.25;
83582;29/05/2012;0000;29.2;81;
83582;30/05/2012;0000;30.2;82.5;
83582;31/05/2012;0000;29.5;83.5;
83582;01/06/2012;0000;28.4;91;
83582;02/06/2012;0000;29.6;80.75;
83582;03/06/2012;0000;30.5;80;
83582;04/06/2012;0000;29;80.75;
83582;05/06/2012;0000;27.4;89;
83582;06/06/2012;0000;24.8;91;
83582;07/06/2012;0000;20;98.5;
83582;08/06/2012;0000;23.6;92.25;
83582;09/06/2012;0000;24;89.25;
83582;10/06/2012;0000;25.6;83.25;
83582;11/06/2012;0000;27;85.5;
83582;12/06/2012;0000;26;84.25;
83582;13/06/2012;0000;27;84.25;
83582;14/06/2012;0000;26.8;85;
83582;15/06/2012;0000;25.6;84;
83582;16/06/2012;0000;27.4;80.75;
83582;17/06/2012;0000;26.8;78.25;
83582;18/06/2012;0000;26.6;80.5;
83582;19/06/2012;0000;26.6;85;
83582;20/06/2012;0000;28.4;84.5;
83582;21/06/2012;0000;26;96.25;
83582;22/06/2012;0000;29;82.5;
83582;23/06/2012;0000;27;84.75;
83582;24/06/2012;0000;24.8;89;
83582;25/06/2012;0000;26;87.25;
83582;26/06/2012;0000;24.6;80;
83582;27/06/2012;0000;24.8;77.25;
83582;28/06/2012;0000;26;83.75;
83582;29/06/2012;0000;26;77.5;
83582;30/06/2012;0000;28;79;
83582;01/07/2012;0000;28;79.75;
83582;02/07/2012;0000;26.2;80.75;
83582;03/07/2012;0000;26;82;
83582;04/07/2012;0000;24.2;91.75;
83582;05/07/2012;0000;25.6;82.25;
83582;06/07/2012;0000;25;82.5;
83582;07/07/2012;0000;26;80;
83582;08/07/2012;0000;26.6;82;
83582;09/07/2012;0000;24.6;81.25;
83582;10/07/2012;0000;25.4;82.5;
83582;11/07/2012;0000;25.8;82.75;
83582;12/07/2012;0000;29.6;69.25;
83582;13/07/2012;0000;26.2;;
83582;14/07/2012;0000;26.2;79;
83582;15/07/2012;0000;26.4;83.5;
83582;16/07/2012;0000;26;81.5;
83582;17/07/2012;0000;23.2;84.25;
83582;18/07/2012;0000;21;83.25;
83582;19/07/2012;0000;23;76.5;
83582;20/07/2012;0000;25.4;78;
83582;21/07/2012;0000;28.8;77.25;
83582;22/07/2012;0000;29.4;78.25;
83582;23/07/2012;0000;29.4;77.25;
83582;24/07/2012;0000;29;78.25;
83582;25/07/2012;0000;29.4;73.25;
83582;26/07/2012;0000;28.2;75;
83582;27/07/2012;0000;29.8;76.5;
83582;28/07/2012;0000;28.4;74;
83582;29/07/2012;0000;27.4;85;
83582;30/07/2012;0000;28.2;74.75;
83582;31/07/2012;0000;25;73.25;
83582;01/08/2012;0000;25;77.5;
83582;02/08/2012;0000;24.8;66.5;
83582;03/08/2012;0000;26.8;77;
83582;04/08/2012;0000;28;78;
83582;05/08/2012;0000;29.4;72.25;
83582;06/08/2012;0000;28.6;65.75;
83582;07/08/2012;0000;26.8;74.75;
83582;08/08/2012;0000;27.6;75.25;
83582;09/08/2012;0000;26.6;80.5;
83582;10/08/2012;0000;26.4;75.75;
83582;11/08/2012;0000;26;68.5;
83582;12/08/2012;0000;26.4;71.5;
83582;13/08/2012;0000;26.8;71.75;
83582;14/08/2012;0000;26.4;65.75;
83582;15/08/2012;0000;26;69.75;
83582;16/08/2012;0000;26;71.5;
83582;17/08/2012;0000;26.4;55.25;
83582;18/08/2012;0000;25.6;72.5;
83582;19/08/2012;0000;25.2;65;
83582;20/08/2012;0000;26;51.75;
83582;21/08/2012;0000;26.8;67.5;
83582;22/08/2012;0000;27.6;68.25;
83582;23/08/2012;0000;26.6;57.25;
83582;24/08/2012;0000;27.2;53.75;
83582;25/08/2012;0000;27.2;69.25;
83582;26/08/2012;0000;28.8;67;
83582;27/08/2012;0000;29.2;63.5;
83582;28/08/2012;0000;25.4;76.5;
83582;29/08/2012;0000;31.1;66;
83582;30/08/2012;0000;30.9;56.75;
83582;31/08/2012;0000;31.1;67.75;
83582;01/09/2012;0000;32.5;69.25;
83582;02/09/2012;0000;33.9;60;
83582;03/09/2012;0000;33.7;62;
83582;04/09/2012;0000;29.2;65.75;
83582;05/09/2012;0000;30;70;
83582;06/09/2012;0000;30.5;65.75;
83582;07/09/2012;0000;30.7;65;
83582;08/09/2012;0000;31.5;61;
83582;09/09/2012;0000;32.9;59.25;
83582;10/09/2012;0000;33.3;63;
83582;11/09/2012;0000;35.3;58.75;
83582;12/09/2012;0000;36.7;58.25;
83582;13/09/2012;0000;36.7;60.5;
83582;14/09/2012;0000;33.1;59;
83582;15/09/2012;0000;31.8;72.25;
83582;16/09/2012;0000;32;63.5;
83582;17/09/2012;0000;32.9;61.75;
83582;18/09/2012;0000;35;50.75;
83582;19/09/2012;0000;36.3;53;
83582;20/09/2012;0000;25.8;95;
83582;21/09/2012;0000;30;85;
83582;22/09/2012;0000;28.6;;
83582;23/09/2012;0000;27.2;68.75;
83582;24/09/2012;0000;28.8;63.75;
83582;25/09/2012;0000;29;79.75;
83582;26/09/2012;0000;26.8;74.25;
83582;27/09/2012;0000;25.6;49.75;
83582;28/09/2012;0000;26.2;56;
83582;29/09/2012;0000;27;64;
83582;30/09/2012;0000;29;61.5;
83582;01/10/2012;0000;30.9;60.5;
83582;02/10/2012;0000;34.1;57.75;
83582;03/10/2012;0000;33.3;55.25;
83582;04/10/2012;0000;32.5;65.5;
83582;05/10/2012;0000;32.1;65.75;
83582;06/10/2012;0000;31.1;47.25;
83582;07/10/2012;0000;31.1;57;
83582;08/10/2012;0000;30.7;58.75;
83582;09/10/2012;0000;31.1;55;
83582;10/10/2012;0000;32.9;58;
83582;11/10/2012;0000;36.7;58.25;
83582;12/10/2012;0000;34.3;61.25;
83582;13/10/2012;0000;28.6;78.75;
83582;14/10/2012;0000;27;65.5;
83582;15/10/2012;0000;29;72.75;
83582;16/10/2012;0000;31;71.75;
83582;17/10/2012;0000;23.8;84.25;
83582;18/10/2012;0000;34.2;70.5;
83582;19/10/2012;0000;30.7;59;
83582;20/10/2012;0000;30.7;65.75;
83582;21/10/2012;0000;33.8;62.25;
83582;22/10/2012;0000;31.5;84;
83582;23/10/2012;0000;32.7;86.75;
83582;24/10/2012;0000;32.1;87.25;
83582;25/10/2012;0000;33.5;62.25;
83582;26/10/2012;0000;34.1;67;
83582;27/10/2012;0000;35.1;65.75;
83582;28/10/2012;0000;36.9;60.25;
83582;29/10/2012;0000;37.3;52;
83582;30/10/2012;0000;35.5;58;
83582;31/10/2012;0000;37.3;78.75;
83582;01/11/2012;0000;34.3;68.5;
83582;02/11/2012;0000;32.3;69.5;
83582;03/11/2012;0000;30;85.75;
83582;04/11/2012;0000;29.8;85.25;
83582;05/11/2012;0000;31.7;81.25;
83582;06/11/2012;0000;30.2;72.5;
83582;07/11/2012;0000;30.5;75.25;
83582;08/11/2012;0000;28.2;83.75;
83582;09/11/2012;0000;23.6;95.75;
83582;10/11/2012;0000;25;92.25;
83582;11/11/2012;0000;27.2;89;
83582;12/11/2012;0000;31.1;77.5;
83582;13/11/2012;0000;27;94;
83582;14/11/2012;0000;29;92.5;
83582;15/11/2012;0000;27;84.5;
83582;16/11/2012;0000;27.4;88.75;
83582;17/11/2012;0000;30;75.75;
83582;18/11/2012;0000;28.4;75;
83582;19/11/2012;0000;28.6;81.5;
83582;20/11/2012;0000;30.5;76.5;
83582;21/11/2012;0000;31.8;72.25;
83582;22/11/2012;0000;33.2;65;
83582;23/11/2012;0000;34.4;67.25;
83582;24/11/2012;0000;28.4;88;
83582;25/11/2012;0000;26.8;91.25;
83582;26/11/2012;0000;29.2;82.75;
83582;27/11/2012;0000;27;87.25;
83582;28/11/2012;0000;31.5;87.25;
83582;29/11/2012;0000;33.3;81;
83582;30/11/2012;0000;31.5;66.75;
83582;01/12/2012;0000;29.6;75;
83582;02/12/2012;0000;30;77.25;
83582;03/12/2012;0000;29.2;85;
83582;04/12/2012;0000;31.5;75.75;
83582;05/12/2012;0000;32.3;73.5;
83582;06/12/2012;0000;33.1;74.5;
83582;07/12/2012;0000;35.3;70;
83582;08/12/2012;0000;35.3;70;
83582;09/12/2012;0000;32.1;84;
83582;10/12/2012;0000;32.1;79.5;
83582;11/12/2012;0000;32.1;83.5;
83582;12/12/2012;0000;28.2;83.25;
83582;13/12/2012;0000;30.7;91;
83582;14/12/2012;0000;28.4;90;
83582;15/12/2012;0000;29.8;92;
83582;16/12/2012;0000;30;87;
83582;17/12/2012;0000;32.7;86.25;
83582;18/12/2012;0000;34;79.5;
83582;19/12/2012;0000;34.5;72.25;
83582;20/12/2012;0000;33;76.5;
83582;21/12/2012;0000;34.3;79.5;
83582;22/12/2012;0000;32;70;
83582;23/12/2012;0000;32.5;74.5;
83582;24/12/2012;0000;32.9;;
83582;25/12/2012;0000;34.5;65.25;
83582;26/12/2012;0000;35.5;68.25;
83582;27/12/2012;0000;33.3;76.75;
83582;28/12/2012;0000;31.1;81;
83582;29/12/2012;0000;30.5;77.75;
83582;30/12/2012;0000;32.3;80.25;
83582;31/12/2012;0000;31.6;71.5;
83582;01/01/2013;0000;33.6;71.75;
83582;02/01/2013;0000;34.3;63.5;
83582;03/01/2013;0000;33.5;63;
83582;04/01/2013;0000;35.8;57.5;
83582;05/01/2013;0000;31.9;70.75;
83582;06/01/2013;0000;34.1;58.25;
83582;07/01/2013;0000;32.7;78.5;
83582;08/01/2013;0000;30.7;91.5;
83582;09/01/2013;0000;29;86.5;
83582;10/01/2013;0000;25.6;89.75;
83582;11/01/2013;0000;25;86.75;
83582;12/01/2013;0000;29;75.5;
83582;13/01/2013;0000;27.2;85.75;
83582;14/01/2013;0000;23.4;93;
83582;15/01/2013;0000;26.8;89.25;
83582;16/01/2013;0000;29.4;83.75;
83582;17/01/2013;0000;30.3;83.5;
83582;18/01/2013;0000;32.9;80;
83582;19/01/2013;0000;34.9;;
83582;20/01/2013;0000;30;85.25;
83582;21/01/2013;0000;29.2;83.25;
83582;22/01/2013;0000;28;76.75;
83582;23/01/2013;0000;29;75.5;
83582;24/01/2013;0000;28.6;85.5;
83582;25/01/2013;0000;29.8;79.75;
83582;26/01/2013;0000;27.8;90.75;
83582;27/01/2013;0000;28.4;91;
83582;28/01/2013;0000;24.6;96.75;
83582;29/01/2013;0000;25;93.25;
83582;30/01/2013;0000;29.4;83.25;
83582;31/01/2013;0000;29;88;
83582;01/02/2013;0000;30.9;82.75;
83582;02/02/2013;0000;31.3;81.25;
83582;03/02/2013;0000;29.2;86.75;
83582;04/02/2013;0000;27;90.5;
83582;05/02/2013;0000;27;88;
83582;06/02/2013;0000;27;91.75;
83582;07/02/2013;0000;29.4;82;
83582;08/02/2013;0000;30;79.5;
83582;09/02/2013;0000;30;80.5;
83582;10/02/2013;0000;31.1;73.75;
83582;11/02/2013;0000;32.3;77.5;
83582;12/02/2013;0000;33.7;71;
83582;13/02/2013;0000;34.1;73;
83582;14/02/2013;0000;33.1;75.25;
83582;15/02/2013;0000;33.7;75.25;
83582;16/02/2013;0000;34.7;72.5;
83582;17/02/2013;0000;33.3;76.25;
83582;18/02/2013;0000;32.9;75.5;
83582;19/02/2013;0000;32.3;73;
83582;20/02/2013;0000;32.1;68.5;
83582;21/02/2013;0000;32.1;72.75;
83582;22/02/2013;0000;33.1;62.25;
83582;23/02/2013;0000;32.3;67;
83582;24/02/2013;0000;32.3;73.5;
83582;25/02/2013;0000;31.1;79.25;
83582;26/02/2013;0000;33.1;81;
83582;27/02/2013;0000;31.1;81.75;
83582;28/02/2013;0000;30;76.5;
83582;01/03/2013;0000;26;91.5;
83582;02/03/2013;0000;26;91;
83582;03/03/2013;0000;29.6;90.75;
83582;04/03/2013;0000;31.5;88.75;
83582;05/03/2013;0000;32.1;85.75;
83582;06/03/2013;0000;31.5;92.25;
83582;07/03/2013;0000;33.3;73.75;
83582;08/03/2013;0000;32.7;78;
83582;09/03/2013;0000;32.1;80.75;
83582;10/03/2013;0000;31.7;82.5;
83582;11/03/2013;0000;32.1;94;
83582;12/03/2013;0000;33.5;82.75;
83582;13/03/2013;0000;32.7;93.5;
83582;14/03/2013;0000;31.7;80.75;
83582;15/03/2013;0000;30.5;86.25;
83582;16/03/2013;0000;31.1;77.75;
83582;17/03/2013;0000;33.1;72;
83582;18/03/2013;0000;31.1;81;
83582;19/03/2013;0000;26.8;76.5;
83582;20/03/2013;0000;26.6;81.75;
83582;21/03/2013;0000;26.6;94;
83582;22/03/2013;0000;30.3;87;
83582;23/03/2013;0000;31.5;82;
83582;24/03/2013;0000;30.3;82.5;
83582;25/03/2013;0000;26.6;86.75;
83582;26/03/2013;0000;26.6;91;
83582;27/03/2013;0000;29.4;88.25;
83582;28/03/2013;0000;29.6;82.25;
83582;29/03/2013;0000;28;74.75;
83582;30/03/2013;0000;24;93;
83582;01/04/2013;0000;30.7;83.75;
83582;02/04/2013;0000;30.5;81.75;
83582;03/04/2013;0000;28.4;89.25;
83582;04/04/2013;0000;28;90.75;
83582;05/04/2013;0000;25.2;95;
83582;06/04/2013;0000;30;87.5;
83582;07/04/2013;0000;31.3;80.75;
83582;08/04/2013;0000;30.7;83.5;
83582;09/04/2013;0000;27.4;87.75;
83582;10/04/2013;0000;24.8;92.25;
83582;11/04/2013;0000;22;94.5;
83582;12/04/2013;0000;25.8;94.5;
83582;13/04/2013;0000;27.8;90.25;
83582;14/04/2013;0000;27.6;85.5;
83582;15/04/2013;0000;31.1;75.75;
83582;16/04/2013;0000;30.3;71.5;
83582;17/04/2013;0000;29;79;
83582;18/04/2013;0000;27;82;
83582;19/04/2013;0000;29.2;81.25;
83582;20/04/2013;0000;28;82.25;
83582;21/04/2013;0000;25.8;74;
83582;22/04/2013;0000;24.2;80;
83582;23/04/2013;0000;24.8;91;
83582;27/04/2013;0000;27.6;79.75;
83582;28/04/2013;0000;26.8;80;
83582;29/04/2013;0000;26.4;81.5;
83582;30/04/2013;0000;29.3;75.5;
83582;01/05/2013;0000;29.8;79.5;
83582;02/05/2013;0000;29.2;79;
83582;03/05/2013;0000;29.4;79;
83582;04/05/2013;0000;30.7;75;
83582;05/05/2013;0000;30.3;74.25;
83582;06/05/2013;0000;29.2;78.5;
83582;07/05/2013;0000;30.3;75.5;
83582;08/05/2013;0000;26.6;74.75;
83582;09/05/2013;0000;28;75.25;
83582;10/05/2013;0000;27.2;79.25;
83582;11/05/2013;0000;26.8;82.75;
83582;12/05/2013;0000;26.4;82;
83582;13/05/2013;0000;27.2;81.25;
83582;14/05/2013;0000;28.2;78;
83582;15/05/2013;0000;28.6;79.5;
83582;16/05/2013;0000;30.3;79;
83582;17/05/2013;0000;28.8;76;
83582;18/05/2013;0000;28.8;85;
83582;19/05/2013;0000;28;80;
83582;20/05/2013;0000;30;79.5;
83582;21/05/2013;0000;31.5;77;
83582;22/05/2013;0000;30.2;86.5;
83582;23/05/2013;0000;28.2;84.75;
83582;24/05/2013;0000;28.2;91;
83582;25/05/2013;0000;25.2;82.75;
83582;26/05/2013;0000;25;86;
83582;27/05/2013;0000;25.8;89.5;
83582;28/05/2013;0000;26.8;87.25;
83582;29/05/2013;0000;19;98;
83582;30/05/2013;0000;22.8;94.25;
83582;31/05/2013;0000;23.6;92.25;
83582;01/06/2013;0000;26.6;85.25;
83582;02/06/2013;0000;28.8;86.25;
83582;03/06/2013;0000;20;97.25;
83582;04/06/2013;0000;24;90.25;
83582;05/06/2013;0000;26;85;
83582;06/06/2013;0000;24.6;88.75;
83582;07/06/2013;0000;27.2;84.5;
83582;08/06/2013;0000;27.6;82.5;
83582;09/06/2013;0000;26.8;81.5;
83582;10/06/2013;0000;26.2;84.75;
83582;11/06/2013;0000;26.2;84.5;
83582;12/06/2013;0000;27;85.25;
83582;13/06/2013;0000;27.6;82.25;
83582;14/06/2013;0000;27.6;80.75;
83582;15/06/2013;0000;27.2;82;
83582;16/06/2013;0000;;75.5;
83582;17/06/2013;0000;25.4;89;
83582;18/06/2013;0000;26.8;85;
83582;19/06/2013;0000;28.4;81.25;
83582;20/06/2013;0000;27.6;80.5;
83582;21/06/2013;0000;27.8;82.75;
83582;22/06/2013;0000;29;77.5;
83582;23/06/2013;0000;28.4;83;
83582;24/06/2013;0000;24.4;89.75;
83582;25/06/2013;0000;24.6;87.25;
83582;26/06/2013;0000;27.6;84.25;
83582;27/06/2013;0000;28.2;84.5;
83582;28/06/2013;0000;27.8;85.25;
83582;29/06/2013;0000;28.8;82.25;
83582;30/06/2013;0000;31.3;80.25;
83582;01/07/2013;0000;29.2;77.25;
83582;02/07/2013;0000;27;81;
83582;03/07/2013;0000;23.6;84.25;
83582;04/07/2013;0000;24.2;85.25;
83582;05/07/2013;0000;25.8;82.5;
83582;06/07/2013;0000;26;82.5;
83582;07/07/2013;0000;27.6;78;
83582;08/07/2013;0000;27.4;74.25;
83582;09/07/2013;0000;26.2;72;
83582;10/07/2013;0000;24.4;84.75;
83582;11/07/2013;0000;24;79.25;
83582;12/07/2013;0000;25.4;81;
83582;13/07/2013;0000;26.6;78;
83582;14/07/2013;0000;27.6;79.75;
83582;15/07/2013;0000;30.3;75.75;
83582;16/07/2013;0000;29.6;75.5;
83582;17/07/2013;0000;28.6;76.25;
83582;18/07/2013;0000;27.6;76;
83582;19/07/2013;0000;30;80.25;
83582;20/07/2013;0000;29.2;81.5;
83582;21/07/2013;0000;31.9;72.5;
83582;22/07/2013;0000;33.1;74;
83582;23/07/2013;0000;26;81.25;
83582;24/07/2013;0000;26.8;81;
83582;25/07/2013;0000;18.8;86.5;
83582;26/07/2013;0000;24.4;74.25;
83582;27/07/2013;0000;27.8;78.5;
83582;28/07/2013;0000;29;74;
83582;29/07/2013;0000;28.6;71.25;
83582;30/07/2013;0000;27.2;76.25;
83582;31/07/2013;0000;27.2;76.5;
83582;01/08/2013;0000;28.8;75.5;
83582;02/08/2013;0000;29.7;73;
83582;03/08/2013;0000;30.2;71;
83582;04/08/2013;0000;31.5;67.5;
83582;05/08/2013;0000;29.8;70.75;
83582;06/08/2013;0000;29.2;71.25;
83582;07/08/2013;0000;27.5;73;
83582;08/08/2013;0000;28;73.25;
83582;09/08/2013;0000;28;74;
83582;10/08/2013;0000;31.1;66;
83582;11/08/2013;0000;29.8;67.25;
83582;12/08/2013;0000;30.2;73;
83582;13/08/2013;0000;30.5;70;
83582;14/08/2013;0000;30.2;65;
83582;15/08/2013;0000;25.5;67.5;
83582;16/08/2013;0000;27.8;77.75;
83582;17/08/2013;0000;27;82.5;
83582;18/08/2013;0000;25.5;60.25;
83582;19/08/2013;0000;24.5;73.25;
83582;20/08/2013;0000;26;68.75;
83582;21/08/2013;0000;27.5;72;
83582;22/08/2013;0000;28.6;70.25;
83582;23/08/2013;0000;31.2;66.25;
83582;24/08/2013;0000;29.6;68.25;
83582;25/08/2013;0000;30.7;65;
83582;26/08/2013;0000;32.9;62.25;
83582;27/08/2013;0000;27.8;64;
83582;28/08/2013;0000;25.8;65.5;
83582;29/08/2013;0000;28.8;67.5;
83582;30/08/2013;0000;27.8;71;
83582;31/08/2013;0000;28;70.25;
83582;01/09/2013;0000;31.7;61.25;
83582;02/09/2013;0000;31.2;65.25;
83582;03/09/2013;0000;30.5;56.25;
83582;04/09/2013;0000;23.2;86.5;
83582;05/09/2013;0000;25.6;83.5;
83582;06/09/2013;0000;26.7;81.5;
83582;07/09/2013;0000;26;74.25;
83582;08/09/2013;0000;27.4;75.5;
83582;09/09/2013;0000;29.9;72.5;
83582;10/09/2013;0000;30;68;
83582;11/09/2013;0000;28.7;54.75;
83582;12/09/2013;0000;28;61.75;
83582;13/09/2013;0000;29;67.25;
83582;14/09/2013;0000;30;67.25;
83582;15/09/2013;0000;31.7;69.5;
83582;16/09/2013;0000;33.3;71.5;
83582;17/09/2013;0000;30.7;82;
83582;18/09/2013;0000;27.8;83;
83582;19/09/2013;0000;31.5;67.25;
83582;20/09/2013;0000;31.1;72.25;
83582;21/09/2013;0000;32.5;65.75;
83582;22/09/2013;0000;36.7;62.5;
83582;23/09/2013;0000;35.5;68;
83582;24/09/2013;0000;26.4;84.75;
83582;25/09/2013;0000;28.8;62.75;
83582;26/09/2013;0000;29;67.5;
83582;27/09/2013;0000;31.3;73.75;
83582;28/09/2013;0000;33.9;68.5;
83582;29/09/2013;0000;25;94.25;
83582;30/09/2013;0000;25;87.75;
83582;01/10/2013;0000;27.8;86.5;
83582;02/10/2013;0000;25.8;95.75;
83582;03/10/2013;0000;28.2;84.25;
83582;04/10/2013;0000;27.8;90.5;
83582;05/10/2013;0000;26;85.5;
83582;06/10/2013;0000;28.4;79;
83582;07/10/2013;0000;23;83.5;
83582;08/10/2013;0000;19.2;88.5;
83582;09/10/2013;0000;21.7;85;
83582;10/10/2013;0000;25.8;74.5;
83582;11/10/2013;0000;26.7;69;
83582;12/10/2013;0000;26.8;66.25;
83582;13/10/2013;0000;29.2;68.5;
83582;14/10/2013;0000;31.1;67.75;
83582;15/10/2013;0000;31.9;68.25;
83582;16/10/2013;0000;26;90;
83582;17/10/2013;0000;22;96;
83582;18/10/2013;0000;25.4;93;
83582;19/10/2013;0000;31.9;67;
83582;20/10/2013;0000;33.9;68.25;
83582;21/10/2013;0000;31.9;81.5;
83582;22/10/2013;0000;31.7;80.5;
83582;23/10/2013;0000;32.5;80.25;
83582;24/10/2013;0000;32.1;71.75;
83582;25/10/2013;0000;33.1;72.5;
83582;26/10/2013;0000;32.7;72.75;
83582;27/10/2013;0000;34.9;67.5;
83582;28/10/2013;0000;32.9;77.25;
83582;29/10/2013;0000;30.8;71.25;
83582;30/10/2013;0000;28.4;86.5;
83582;31/10/2013;0000;30.5;76.25;
83582;01/11/2013;0000;28.7;71;
83582;02/11/2013;0000;29.2;80.5;
83582;03/11/2013;0000;31.3;71.5;
83582;04/11/2013;0000;30.5;70.75;
83582;05/11/2013;0000;25.2;92.75;
83582;06/11/2013;0000;20;94.25;
83582;07/11/2013;0000;24.6;93.5;
83582;08/11/2013;0000;28.2;88.75;
83582;09/11/2013;0000;32.7;78.5;
83582;10/11/2013;0000;34.9;72.25;
83582;11/11/2013;0000;34.3;75;
83582;12/11/2013;0000;33.1;80.75;
83582;13/11/2013;0000;30.9;74.5;
83582;14/11/2013;0000;29;73.75;
83582;15/11/2013;0000;30;78;
83582;16/11/2013;0000;31.1;73;
83582;17/11/2013;0000;24.2;88;
83582;18/11/2013;0000;27;85.25;
83582;19/11/2013;0000;31.5;72.5;
83582;20/11/2013;0000;32.1;71.5;
83582;21/11/2013;0000;33.1;68.75;
83582;22/11/2013;0000;32.5;82.75;
83582;23/11/2013;0000;29.2;71.25;
83582;24/11/2013;0000;29.2;91.75;
83582;25/11/2013;0000;23.2;94;
83582;26/11/2013;0000;24;91;
83582;27/11/2013;0000;31.7;80.25;
83582;28/11/2013;0000;31.5;80.75;
83582;29/11/2013;0000;30.7;84.25;
83582;30/11/2013;0000;25;94.75;
83582;01/12/2013;0000;28.5;91.5;
83582;02/12/2013;0000;26.4;93.75;
83582;03/12/2013;0000;33.3;84;
83582;04/12/2013;0000;33.9;80.75;
83582;05/12/2013;0000;33.2;80.25;
83582;06/12/2013;0000;32.9;81.75;
83582;07/12/2013;0000;30;96;
83582;08/12/2013;0000;30.4;83.5;
83582;09/12/2013;0000;32.1;82.75;
83582;10/12/2013;0000;28.4;93;
83582;11/12/2013;0000;27.6;94.75;
83582;12/12/2013;0000;;87.75;
83582;13/12/2013;0000;30.9;82.5;
83582;14/12/2013;0000;30.9;83.5;
83582;15/12/2013;0000;31.1;92.25;
83582;16/12/2013;0000;30.7;82.25;
83582;17/12/2013;0000;29.6;81.5;
83582;18/12/2013;0000;31.1;75.75;
83582;19/12/2013;0000;32.3;76;
83582;20/12/2013;0000;29.8;79.5;
83582;21/12/2013;0000;30;83.5;
83582;22/12/2013;0000;29.8;79.75;
83582;23/12/2013;0000;28.8;90.5;
83582;24/12/2013;0000;29.6;85.5;
83582;25/12/2013;0000;31.9;74;
83582;26/12/2013;0000;32.9;69;
83582;27/12/2013;0000;31.9;73.5;
83582;28/12/2013;0000;30.3;79.5;
83582;29/12/2013;0000;29.8;82.75;
83582;30/12/2013;0000;31.1;79.5;
83582;31/12/2013;0000;31.5;84.75;
83582;01/01/2014;0000;33.3;78.5;
83582;02/01/2014;0000;34.3;75;
83582;03/01/2014;0000;35.3;71.75;
83582;04/01/2014;0000;34.1;68.75;
83582;05/01/2014;0000;32.1;69.25;
83582;06/01/2014;0000;32.3;77.25;
83582;07/01/2014;0000;31.5;71.25;
83582;08/01/2014;0000;31.7;70.5;
83582;09/01/2014;0000;32.9;71;
83582;10/01/2014;0000;31.9;76;
83582;11/01/2014;0000;31.7;72.25;
83582;12/01/2014;0000;32.2;68.75;
83582;13/01/2014;0000;33.3;69.75;
83582;14/01/2014;0000;33.1;68.5;
83582;15/01/2014;0000;34.7;68.25;
83582;16/01/2014;0000;32.9;72;
83582;17/01/2014;0000;29;86.5;
83582;18/01/2014;0000;30;93.5;
83582;19/01/2014;0000;31.9;77.25;
83582;20/01/2014;0000;32.9;84;
83582;21/01/2014;0000;27;90.25;
83582;22/01/2014;0000;30.3;91;
83582;23/01/2014;0000;31.9;80.25;
83582;24/01/2014;0000;30.9;75.75;
83582;25/01/2014;0000;32.1;78.5;
83582;26/01/2014;0000;32.9;69.5;
83582;27/01/2014;0000;32.3;76;
83582;28/01/2014;0000;31.3;68.75;
83582;29/01/2014;0000;31.7;68;
83582;30/01/2014;0000;32.9;72.75;
83582;31/01/2014;0000;32.1;64.25;
83582;01/02/2014;0000;32.1;65;
83582;02/02/2014;0000;31.9;62.5;
83582;03/02/2014;0000;32.3;63.75;
83582;04/02/2014;0000;33.3;66.25;
83582;05/02/2014;0000;33.1;54.25;
83582;06/02/2014;0000;31.9;67;
83582;07/02/2014;0000;32.5;69.75;
83582;08/02/2014;0000;33.3;59;
83582;09/02/2014;0000;33.1;59.25;
83582;10/02/2014;0000;33.5;64.75;
83582;11/02/2014;0000;32.1;67;
83582;12/02/2014;0000;32.3;66.75;
83582;13/02/2014;0000;33.7;65.25;
83582;14/02/2014;0000;30.3;72.5;
83582;15/02/2014;0000;31.9;76.5;
83582;16/02/2014;0000;28.8;81.5;
83582;17/02/2014;0000;30.7;82.5;
83582;18/02/2014;0000;28.6;80.25;
83582;19/02/2014;0000;30.5;76.5;
83582;20/02/2014;0000;32.1;68.25;
83582;21/02/2014;0000;32.3;61.75;
83582;22/02/2014;0000;31.5;71.5;
83582;23/02/2014;0000;32.6;71.25;
83582;24/02/2014;0000;34;69.5;
83582;25/02/2014;0000;33.9;63.25;
83582;26/02/2014;0000;34;63.5;
83582;27/02/2014;0000;35.5;69.5;
83582;28/02/2014;0000;34.5;64.75;
83582;01/03/2014;0000;26.4;87;
83582;02/03/2014;0000;33.5;72.25;
83582;03/03/2014;0000;30.3;76.25;
83582;04/03/2014;0000;31.5;76.5;
83582;05/03/2014;0000;31.1;76.75;
83582;06/03/2014;0000;27.4;96.25;
83582;07/03/2014;0000;22.8;92.75;
83582;08/03/2014;0000;25;92.75;
83582;09/03/2014;0000;30.5;82;
83582;10/03/2014;0000;31.3;79.75;
83582;11/03/2014;0000;31.3;72.5;
83582;12/03/2014;0000;31.5;73.5;
83582;13/03/2014;0000;30.6;78.5;
83582;14/03/2014;0000;31.9;72;
83582;15/03/2014;0000;32.5;70.5;
83582;16/03/2014;0000;31.3;71.25;
83582;17/03/2014;0000;33.5;75;
83582;18/03/2014;0000;31.3;74.25;
83582;19/03/2014;0000;31.5;72.75;
83582;20/03/2014;0000;32.3;71.5;
83582;21/03/2014;0000;31.5;87;
83582;22/03/2014;0000;31.1;93.25;
83582;23/03/2014;0000;29.4;82.25;
83582;24/03/2014;0000;26.8;85.75;
83582;25/03/2014;0000;30.9;79.75;
83582;26/03/2014;0000;29.2;80;
83582;27/03/2014;0000;28.3;81;
83582;28/03/2014;0000;31.3;77.75;
83582;29/03/2014;0000;30.4;77;
83582;30/03/2014;0000;27.3;94.25;
83582;31/03/2014;0000;30.7;79.75;
83582;01/04/2014;0000;31.1;82.25;
83582;02/04/2014;0000;32.1;83.75;
83582;03/04/2014;0000;32.1;80.75;
83582;04/04/2014;0000;31.1;81.75;
83582;05/04/2014;0000;29.3;77.5;
83582;06/04/2014;0000;32.9;75.25;
83582;07/04/2014;0000;32.7;77;
83582;08/04/2014;0000;33.5;77;
83582;09/04/2014;0000;34.5;73.75;
83582;10/04/2014;0000;34.1;74.25;
83582;11/04/2014;0000;29.4;86;
83582;12/04/2014;0000;28.8;89.75;
83582;13/04/2014;0000;31.3;87.75;
83582;14/04/2014;0000;29.2;88.5;
83582;15/04/2014;0000;26.8;89.25;
83582;16/04/2014;0000;27.8;90;
83582;17/04/2014;0000;30.9;84.75;
83582;18/04/2014;0000;30.7;85.5;
83582;19/04/2014;0000;31.3;79.75;
83582;20/04/2014;0000;33.1;78.5;
83582;21/04/2014;0000;31.7;80;
83582;22/04/2014;0000;29.6;88;
83582;23/04/2014;0000;25;91.75;
83582;24/04/2014;0000;21.2;97;
83582;25/04/2014;0000;27.8;86.75;
83582;26/04/2014;0000;27.8;80.5;
83582;27/04/2014;0000;27.8;74.75;
83582;28/04/2014;0000;25.8;77.5;
83582;29/04/2014;0000;23.6;77.75;
83582;30/04/2014;0000;25;77.25;
83582;01/05/2014;0000;26.8;81;
83582;02/05/2014;0000;28.6;79;
83582;03/05/2014;0000;27.2;79.75;
83582;04/05/2014;0000;27.4;77.5;
83582;05/05/2014;0000;29;80.75;
83582;06/05/2014;0000;29;76.75;
83582;07/05/2014;0000;29.2;78.75;
83582;08/05/2014;0000;29.8;82.25;
83582;09/05/2014;0000;30.5;79;
83582;10/05/2014;0000;29.4;76.25;
83582;11/05/2014;0000;29.4;67.5;
83582;12/05/2014;0000;26;81.75;
83582;13/05/2014;0000;25.8;79.5;
83582;14/05/2014;0000;27.4;79;
83582;15/05/2014;0000;28.8;78;
83582;16/05/2014;0000;29.8;78.75;
83582;17/05/2014;0000;28.4;79.25;
83582;18/05/2014;0000;24.2;91.25;
83582;19/05/2014;0000;29.2;83.25;
83582;20/05/2014;0000;27.8;82.5;
83582;21/05/2014;0000;28;79.5;
83582;22/05/2014;0000;30;80;
83582;23/05/2014;0000;29.6;90.75;
83582;24/05/2014;0000;29.8;80.25;
83582;25/05/2014;0000;30.7;78.25;
83582;26/05/2014;0000;27.6;83.5;
83582;27/05/2014;0000;28;77.25;
83582;28/05/2014;0000;26.5;83.25;
83582;29/05/2014;0000;26;83.75;
83582;30/05/2014;0000;25.2;85.5;
83582;31/05/2014;0000;25.2;85.25;
83582;01/06/2014;0000;27.2;80.25;
83582;02/06/2014;0000;26.5;85.5;
83582;03/06/2014;0000;27.4;80.75;
83582;04/06/2014;0000;27.8;;
83582;05/06/2014;0000;28.8;80.25;
83582;06/06/2014;0000;29.4;79.5;
83582;07/06/2014;0000;29.8;79.25;
83582;08/06/2014;0000;27.8;69.5;
83582;09/06/2014;0000;29.4;78.5;
83582;10/06/2014;0000;27;66.75;
83582;11/06/2014;0000;25.6;78.75;
83582;12/06/2014;0000;25.8;88.75;
83582;13/06/2014;0000;26.8;80.75;
83582;14/06/2014;0000;26;84.25;
83582;15/06/2014;0000;28.2;80.75;
83582;16/06/2014;0000;28.4;81;
83582;17/06/2014;0000;27.8;77.75;
83582;18/06/2014;0000;27;83.75;
83582;19/06/2014;0000;28.2;81.25;
83582;20/06/2014;0000;25.6;84;
83582;21/06/2014;0000;27.4;78;
83582;22/06/2014;0000;26.4;79.5;
83582;23/06/2014;0000;25.6;86.75;
83582;24/06/2014;0000;26.2;81.75;
83582;25/06/2014;0000;27.8;79.25;
83582;26/06/2014;0000;27.7;80.75;
83582;27/06/2014;0000;27.7;82;
83582;28/06/2014;0000;29.2;78.25;
83582;29/06/2014;0000;28.8;78.25;
83582;30/06/2014;0000;29;76.5;
83582;01/07/2014;0000;30.2;75.75;
83582;02/07/2014;0000;29.8;78.75;
83582;03/07/2014;0000;30;76.5;
83582;04/07/2014;0000;29.8;71.5;
83582;05/07/2014;0000;27;71.5;
83582;06/07/2014;0000;26.4;76.25;
83582;07/07/2014;0000;26.8;78.25;
83582;08/07/2014;0000;27.4;72.75;
83582;09/07/2014;0000;27.6;79.75;
83582;10/07/2014;0000;25.2;83.75;
83582;11/07/2014;0000;26.2;85.25;
83582;12/07/2014;0000;26.4;76.25;
83582;13/07/2014;0000;26;79.5;
83582;14/07/2014;0000;24.6;81;
83582;15/07/2014;0000;25.2;77.25;
83582;16/07/2014;0000;25.6;79.5;
83582;17/07/2014;0000;27.8;79.75;
83582;18/07/2014;0000;27.6;75;
83582;19/07/2014;0000;28.4;76.25;
83582;20/07/2014;0000;28.2;74.5;
83582;21/07/2014;0000;27.6;80.75;
83582;22/07/2014;0000;26.4;77.75;
83582;23/07/2014;0000;26.4;75.75;
83582;24/07/2014;0000;26.8;79.25;
83582;25/07/2014;0000;21.8;90.75;
83582;26/07/2014;0000;17.8;97.25;
83582;27/07/2014;0000;17.6;99.25;
83582;28/07/2014;0000;22.6;90;
83582;29/07/2014;0000;24.2;73.5;
83582;30/07/2014;0000;24.8;80.5;
83582;31/07/2014;0000;26.4;81;
83582;01/08/2014;0000;28.4;78;
83582;02/08/2014;0000;29.8;72.75;
83582;03/08/2014;0000;30.7;75;
83582;04/08/2014;0000;32.7;71.25;
83582;05/08/2014;0000;30.7;72;
83582;06/08/2014;0000;25.2;73.5;
83582;07/08/2014;0000;25.7;72.75;
83582;08/08/2014;0000;29;69;
83582;09/08/2014;0000;26.4;70.75;
83582;10/08/2014;0000;26;72.75;
83582;11/08/2014;0000;27.8;72.5;
83582;12/08/2014;0000;31.1;75.25;
83582;13/08/2014;0000;32.7;68.5;
83582;14/08/2014;0000;27.2;64.5;
83582;15/08/2014;0000;26.4;76.75;
83582;16/08/2014;0000;27.3;73.75;
83582;17/08/2014;0000;25.2;82.5;
83582;18/08/2014;0000;28.2;79.5;
83582;19/08/2014;0000;30.7;70.5;
83582;20/08/2014;0000;29;71;
83582;21/08/2014;0000;28.6;72;
83582;22/08/2014;0000;30.5;70.25;
83582;23/08/2014;0000;30;71;
83582;24/08/2014;0000;28.8;62.75;
83582;25/08/2014;0000;32.3;63.25;
83582;26/08/2014;0000;33.3;60.5;
83582;27/08/2014;0000;32.3;68.75;
83582;28/08/2014;0000;32.5;75.75;
83582;29/08/2014;0000;31.1;72.5;
83582;30/08/2014;0000;32.3;73;
83582;31/08/2014;0000;32.1;67;
83582;01/09/2014;0000;29.8;78.5;
83582;02/09/2014;0000;34.3;67.5;
83582;03/09/2014;0000;28;82;
83582;04/09/2014;0000;29.8;58.25;
83582;05/09/2014;0000;27.4;52.25;
83582;06/09/2014;0000;25;62.25;
83582;07/09/2014;0000;27.4;66;
83582;08/09/2014;0000;28.4;67.5;
83582;09/09/2014;0000;28;64.75;
83582;10/09/2014;0000;30.5;65.75;
83582;11/09/2014;0000;33.1;67.25;
83582;12/09/2014;0000;31.7;57;
83582;13/09/2014;0000;30.9;59.75;
83582;14/09/2014;0000;31.9;61.5;
83582;15/09/2014;0000;33.1;59.25;
83582;16/09/2014;0000;35.3;60;
83582;17/09/2014;0000;34.5;64.75;
83582;18/09/2014;0000;34.1;64.5;
83582;19/09/2014;0000;33.5;49.5;
83582;20/09/2014;0000;33.1;65.5;
83582;21/09/2014;0000;28.4;92.25;
83582;22/09/2014;0000;30.5;64.75;
83582;23/09/2014;0000;31.7;63.5;
83582;24/09/2014;0000;32.1;54.25;
83582;25/09/2014;0000;31.5;55.25;
83582;26/09/2014;0000;35.3;41;
83582;27/09/2014;0000;33.3;59.25;
83582;28/09/2014;0000;34.1;58;
83582;29/09/2014;0000;35.9;58.75;
83582;30/09/2014;0000;35.9;60;
83582;01/10/2014;0000;34.9;78.75;
83582;02/10/2014;0000;34.1;70.75;
83582;03/10/2014;0000;29.6;44;
83582;04/10/2014;0000;27.2;44;
83582;05/10/2014;0000;27.4;57;
83582;06/10/2014;0000;26.8;62;
83582;07/10/2014;0000;27.4;66.25;
83582;08/10/2014;0000;31.7;55.75;
83582;09/10/2014;0000;33.5;55.5;
83582;10/10/2014;0000;34.3;52.5;
83582;11/10/2014;0000;34.9;52;
83582;12/10/2014;0000;36.3;50.5;
83582;13/10/2014;0000;35.5;55.5;
83582;14/10/2014;0000;38.7;52.25;
83582;15/10/2014;0000;39.1;50.75;
83582;16/10/2014;0000;36.1;59.75;
83582;17/10/2014;0000;37.9;62.25;
83582;18/10/2014;0000;38.5;37.5;
83582;19/10/2014;0000;38.3;69.75;
83582;20/10/2014;0000;35.1;69.25;
83582;21/10/2014;0000;30.3;71.25;
83582;22/10/2014;0000;28.4;65;
83582;23/10/2014;0000;30;73.5;
83582;24/10/2014;0000;33.3;67;
83582;25/10/2014;0000;27.2;82.25;
83582;26/10/2014;0000;20.4;94.5;
83582;27/10/2014;0000;30.7;80;
83582;28/10/2014;0000;32.3;60.75;
83582;29/10/2014;0000;31.5;70.75;
83582;30/10/2014;0000;30.3;81.25;
83582;31/10/2014;0000;32.7;71;
83582;01/11/2014;0000;32.3;67.75;
83582;02/11/2014;0000;33.3;71.25;
83582;03/11/2014;0000;33.7;66.25;
83582;04/11/2014;0000;32.9;66.5;
83582;05/11/2014;0000;31.7;70.75;
83582;06/11/2014;0000;26.8;90;
83582;07/11/2014;0000;33.3;67.75;
83582;08/11/2014;0000;32.7;66.5;
83582;09/11/2014;0000;33.7;78.75;
83582;10/11/2014;0000;32.5;81.25;
83582;11/11/2014;0000;32.1;76.5;
83582;12/11/2014;0000;30.3;73.75;
83582;13/11/2014;0000;31.7;82;
83582;14/11/2014;0000;29.8;80.75;
83582;15/11/2014;0000;25.4;76.5;
83582;16/11/2014;0000;31.1;70;
83582;17/11/2014;0000;32;68.75;
83582;18/11/2014;0000;31.3;64.25;
83582;19/11/2014;0000;31.5;64.75;
83582;20/11/2014;0000;32.7;61.25;
83582;21/11/2014;0000;34.7;64;
83582;22/11/2014;0000;33.5;73.25;
83582;23/11/2014;0000;31.3;85;
83582;24/11/2014;0000;28.7;95.75;
83582;25/11/2014;0000;25.4;93;
83582;26/11/2014;0000;27;96.75;
83582;27/11/2014;0000;29.8;92.75;
83582;28/11/2014;0000;26;97.25;
83582;29/11/2014;0000;27.6;91.75;
83582;30/11/2014;0000;27.6;94.25;
83582;01/12/2014;0000;27.6;87.75;
83582;02/12/2014;0000;27.8;79.25;
83582;03/12/2014;0000;30.9;78.25;
83582;04/12/2014;0000;32.9;71.25;
83582;05/12/2014;0000;24.6;88.25;
83582;06/12/2014;0000;24.4;84.75;
83582;07/12/2014;0000;23;91.25;
83582;08/12/2014;0000;24.8;85.5;
83582;09/12/2014;0000;26;88;
83582;10/12/2014;0000;27;92.5;
83582;11/12/2014;0000;24.4;94.5;
83582;12/12/2014;0000;30;78.75;
83582;13/12/2014;0000;27.4;85.5;
83582;14/12/2014;0000;32.1;75.75;
83582;15/12/2014;0000;31.3;74.75;
83582;16/12/2014;0000;31.9;75.5;
83582;17/12/2014;0000;32.5;74.75;
83582;18/12/2014;0000;32.3;68.25;
83582;19/12/2014;0000;30;87.75;
83582;20/12/2014;0000;28.4;92;
83582;21/12/2014;0000;29;85.25;
83582;22/12/2014;0000;30.9;80;
83582;23/12/2014;0000;27.2;89.75;
83582;24/12/2014;0000;31.6;84.5;
83582;25/12/2014;0000;32.1;73.5;
83582;26/12/2014;0000;33.1;69;
83582;27/12/2014;0000;32.7;70;
83582;28/12/2014;0000;35.1;69;
83582;29/12/2014;0000;29.4;76.25;
83582;30/12/2014;0000;33.7;72.75;
83582;31/12/2014;0000;33.7;77;
83582;01/01/2015;0000;35.7;66.75;
83582;02/01/2015;0000;36.1;70.75;
83582;03/01/2015;0000;35.5;73.5;
83582;04/01/2015;0000;31.9;84.75;
83582;05/01/2015;0000;31.3;78.5;
83582;06/01/2015;0000;33.5;78.25;
83582;07/01/2015;0000;31.1;71.75;
83582;08/01/2015;0000;32.3;43.25;
83582;09/01/2015;0000;32.7;70.25;
83582;10/01/2015;0000;34.8;66.25;
83582;11/01/2015;0000;34.8;68;
83582;12/01/2015;0000;35.3;65.5;
83582;13/01/2015;0000;34.9;68.75;
83582;14/01/2015;0000;35.1;63.75;
83582;15/01/2015;0000;34.1;60.5;
83582;16/01/2015;0000;33.5;66.5;
83582;17/01/2015;0000;35.5;65.5;
83582;18/01/2015;0000;35.8;61.5;
83582;19/01/2015;0000;35.9;60;
83582;20/01/2015;0000;35.1;62;
83582;21/01/2015;0000;35.9;53;
83582;22/01/2015;0000;32.9;69.75;
83582;23/01/2015;0000;27;89;
83582;24/01/2015;0000;29.5;83;
83582;25/01/2015;0000;28.6;82.75;
83582;26/01/2015;0000;29.8;86.25;
83582;27/01/2015;0000;30.9;81;
83582;28/01/2015;0000;30.3;93;
83582;29/01/2015;0000;30.9;83.75;
83582;30/01/2015;0000;35.7;73.5;
83582;31/01/2015;0000;34.9;68;
83582;01/02/2015;0000;33.5;75.5;
83582;02/02/2015;0000;31.9;73;
83582;03/02/2015;0000;31.2;79.25;
83582;04/02/2015;0000;28.8;94.5;
83582;05/02/2015;0000;28.8;94.25;
83582;06/02/2015;0000;26.2;90;
83582;07/02/2015;0000;29.4;86.5;
83582;08/02/2015;0000;26.2;92.25;
83582;09/02/2015;0000;25.6;96.5;
83582;10/02/2015;0000;28.8;88;
83582;11/02/2015;0000;29.4;86.5;
83582;12/02/2015;0000;32.7;78;
83582;13/02/2015;0000;33.9;75.25;
83582;14/02/2015;0000;33.9;70.25;
83582;15/02/2015;0000;32;78;
83582;16/02/2015;0000;30.9;86.25;
83582;17/02/2015;0000;28.4;89.25;
83582;18/02/2015;0000;24.2;96.5;
83582;19/02/2015;0000;27.2;95;
83582;20/02/2015;0000;28.4;87;
83582;21/02/2015;0000;31.5;76.25;
83582;22/02/2015;0000;31.1;79;
83582;23/02/2015;0000;31.1;80.25;
83582;24/02/2015;0000;30.9;74;
83582;25/02/2015;0000;29.4;85.75;
83582;26/02/2015;0000;30.9;87.25;
83582;27/02/2015;0000;29.8;91.75;
83582;28/02/2015;0000;33.5;77;
83582;01/03/2015;0000;28;85.5;
83582;02/03/2015;0000;29;86;
83582;03/03/2015;0000;30.3;78.75;
83582;04/03/2015;0000;33.1;82.25;
83582;05/03/2015;0000;30.9;86.75;
83582;06/03/2015;0000;32.3;82.25;
83582;07/03/2015;0000;30.7;87;
83582;08/03/2015;0000;26.8;91.75;
83582;09/03/2015;0000;28.6;91.75;
83582;10/03/2015;0000;26.2;90.75;
83582;11/03/2015;0000;27.4;92.25;
83582;12/03/2015;0000;24.6;96;
83582;13/03/2015;0000;27;91.75;
83582;14/03/2015;0000;29.2;88.75;
83582;15/03/2015;0000;29.8;80;
83582;16/03/2015;0000;30.9;83;
83582;17/03/2015;0000;24.4;91.5;
83582;18/03/2015;0000;25.4;92;
83582;19/03/2015;0000;27.8;87.5;
83582;20/03/2015;0000;24.4;92;
83582;21/03/2015;0000;26.8;89.5;
83582;22/03/2015;0000;26.7;90.25;
83582;23/03/2015;0000;31.3;86;
83582;24/03/2015;0000;30.9;86.25;
83582;25/03/2015;0000;30.7;84;
83582;26/03/2015;0000;30.5;84.75;
83582;27/03/2015;0000;30.5;87.75;
83582;28/03/2015;0000;32.5;79.5;
83582;29/03/2015;0000;29.2;89.5;
83582;30/03/2015;0000;29.8;92.25;
83582;31/03/2015;0000;31.4;87.25;
83582;01/04/2015;0000;32.3;86.75;
83582;02/04/2015;0000;32.5;86.25;
83582;03/04/2015;0000;30.5;85;
83582;04/04/2015;0000;28.6;82.25;
83582;05/04/2015;0000;24.8;94;
83582;06/04/2015;0000;31.3;82.25;
83582;07/04/2015;0000;26.2;84.5;
83582;08/04/2015;0000;23.6;81.5;
83582;09/04/2015;0000;27.6;84;
83582;10/04/2015;0000;29.8;82.25;
83582;11/04/2015;0000;28.8;81.25;
83582;12/04/2015;0000;30.2;81;
83582;13/04/2015;0000;30.3;82.5;
83582;14/04/2015;0000;27.8;86.5;
83582;15/04/2015;0000;29;79.5;
83582;16/04/2015;0000;29.2;85.75;
83582;17/04/2015;0000;30.7;83.5;
83582;18/04/2015;0000;29.8;87.75;
83582;19/04/2015;0000;30.5;85.5;
83582;20/04/2015;0000;32.3;80.75;
83582;21/04/2015;0000;33.2;82.75;
83582;22/04/2015;0000;31.5;85;
83582;23/04/2015;0000;30.3;85;
83582;24/04/2015;0000;28.4;88.75;
83582;25/04/2015;0000;30.5;79;
83582;26/04/2015;0000;28.4;79;
83582;27/04/2015;0000;29;89.75;
83582;28/04/2015;0000;28.3;81.25;
83582;29/04/2015;0000;28.7;85.75;
83582;30/04/2015;0000;29.5;78.75;
83582;01/05/2015;0000;25;87.25;
83582;02/05/2015;0000;26;90.75;
83582;03/05/2015;0000;28;79;
83582;04/05/2015;0000;26.6;82.25;
83582;05/05/2015;0000;24.8;95.25;
83582;06/05/2015;0000;23;94;
83582;07/05/2015;0000;29.2;80.75;
83582;08/05/2015;0000;26.4;81.75;
83582;09/05/2015;0000;27.2;82;
83582;10/05/2015;0000;26.6;88;
83582;11/05/2015;0000;23.2;88.75;
83582;12/05/2015;0000;27;86.25;
83582;13/05/2015;0000;25.2;83.75;
83582;14/05/2015;0000;23.2;90.25;
83582;15/05/2015;0000;24;86.5;
83582;16/05/2015;0000;24.2;84.5;
83582;17/05/2015;0000;24.8;88.25;
83582;18/05/2015;0000;24.2;89.25;
83582;19/05/2015;0000;25.4;84.5;
83582;20/05/2015;0000;24.4;86.5;
83582;21/05/2015;0000;26.6;88;
83582;22/05/2015;0000;25.2;83.25;
83582;23/05/2015;0000;26.2;84.25;
83582;24/05/2015;0000;29.4;82.5;
83582;25/05/2015;0000;30;80.75;
83582;26/05/2015;0000;30;80.75;
83582;27/05/2015;0000;28.6;81.75;
83582;28/05/2015;0000;29.8;83.75;
83582;29/05/2015;0000;25.4;85;
83582;30/05/2015;0000;27.7;85.5;
83582;31/05/2015;0000;29.4;82.25;
83582;01/06/2015;0000;29.4;85.75;
83582;02/06/2015;0000;22.5;92.75;
83582;03/06/2015;0000;25.4;88.5;
83582;04/06/2015;0000;26;87.25;
83582;05/06/2015;0000;26;86.75;
83582;06/06/2015;0000;26.2;85.5;
83582;07/06/2015;0000;28.4;82.75;
83582;08/06/2015;0000;28;81.25;
83582;09/06/2015;0000;27.8;80.5;
83582;10/06/2015;0000;28.8;78.75;
83582;11/06/2015;0000;29;79.5;
83582;12/06/2015;0000;29.5;79.5;
83582;13/06/2015;0000;27.8;78.5;
83582;14/06/2015;0000;28.8;83.25;
83582;15/06/2015;0000;30.9;76.25;
83582;16/06/2015;0000;27.8;85.5;
83582;17/06/2015;0000;27.2;88.75;
83582;18/06/2015;0000;28.8;86.5;
83582;19/06/2015;0000;24.6;89;
83582;20/06/2015;0000;22.4;84.75;
83582;21/06/2015;0000;24.6;86.75;
83582;22/06/2015;0000;25.6;87.25;
83582;23/06/2015;0000;27.6;84.5;
83582;24/06/2015;0000;26.6;80;
83582;25/06/2015;0000;21;75.75;
83582;26/06/2015;0000;23.8;73;
83582;27/06/2015;0000;22.2;76.25;
83582;28/06/2015;0000;23.6;83.75;
83582;29/06/2015;0000;23.6;84.5;
83582;30/06/2015;0000;26.7;87.75;
83582;01/07/2015;0000;26.4;85;
83582;02/07/2015;0000;25.8;86.75;
83582;03/07/2015;0000;26;85.75;
83582;04/07/2015;0000;30;74.75;
83582;05/07/2015;0000;27;76;
83582;06/07/2015;0000;23;88.25;
83582;07/07/2015;0000;24.4;88.5;
83582;08/07/2015;0000;24;85.75;
83582;09/07/2015;0000;27;85;
83582;10/07/2015;0000;27.6;79;
83582;11/07/2015;0000;28;78.75;
83582;12/07/2015;0000;28.6;80.5;
83582;13/07/2015;0000;28.2;79.5;
83582;14/07/2015;0000;29.2;87;
83582;15/07/2015;0000;28.8;80.25;
83582;16/07/2015;0000;26.2;79.5;
83582;17/07/2015;0000;26.2;81.25;
83582;18/07/2015;0000;24.8;83.25;
83582;19/07/2015;0000;26.8;82.75;
83582;20/07/2015;0000;27;84.5;
83582;21/07/2015;0000;30;75;
83582;22/07/2015;0000;28.8;72;
83582;23/07/2015;0000;27;83;
83582;24/07/2015;0000;27.8;79.75;
83582;25/07/2015;0000;29.8;72.75;
83582;26/07/2015;0000;29;82.5;
83582;27/07/2015;0000;29.8;80.5;
83582;28/07/2015;0000;29.4;77.75;
83582;29/07/2015;0000;30.3;77.25;
83582;30/07/2015;0000;28.2;77.75;
83582;31/07/2015;0000;27.8;77.5;
83582;01/08/2015;0000;28.6;74.75;
83582;02/08/2015;0000;27.4;76.25;
83582;03/08/2015;0000;30.3;74.5;
83582;04/08/2015;0000;29.6;71.25;
83582;05/08/2015;0000;29;71.75;
83582;06/08/2015;0000;28.8;70.5;
83582;07/08/2015;0000;30;70;
83582;08/08/2015;0000;29.2;74.75;
83582;09/08/2015;0000;27.4;70.25;
83582;10/08/2015;0000;29;66.75;
83582;11/08/2015;0000;26.6;70;
83582;12/08/2015;0000;26;71.25;
83582;13/08/2015;0000;26;72.5;
83582;14/08/2015;0000;26.4;72.25;
83582;15/08/2015;0000;28;63.5;
83582;16/08/2015;0000;29.6;71;
83582;17/08/2015;0000;27.8;65.5;
83582;18/08/2015;0000;28.2;71;
83582;19/08/2015;0000;31.7;74.75;
83582;20/08/2015;0000;32.5;69;
83582;21/08/2015;0000;30.5;73.75;
83582;22/08/2015;0000;31.2;72.75;
83582;23/08/2015;0000;32.9;72;
83582;24/08/2015;0000;32.5;68.75;
83582;25/08/2015;0000;31;64.25;
83582;26/08/2015;0000;32.5;67.25;
83582;27/08/2015;0000;32.3;61;
83582;28/08/2015;0000;29.2;72;
83582;29/08/2015;0000;;70.25;
83582;30/08/2015;0000;31.1;68.75;
83582;31/08/2015;0000;33.3;68.5;
83582;01/09/2015;0000;35.1;61.5;
83582;02/09/2015;0000;33.5;65.75;
83582;03/09/2015;0000;34.5;60;
83582;04/09/2015;0000;35.7;62.25;
83582;05/09/2015;0000;33.9;63.75;
83582;06/09/2015;0000;31.1;77;
83582;07/09/2015;0000;30;88.5;
83582;08/09/2015;0000;28.2;79.25;
83582;09/09/2015;0000;23.8;91.25;
83582;10/09/2015;0000;22.2;94.75;
83582;11/09/2015;0000;20.6;95.25;
83582;12/09/2015;0000;27;84.25;
83582;13/09/2015;0000;26.8;85;
83582;14/09/2015;0000;28.8;77.25;
83582;15/09/2015;0000;31.9;79.25;
83582;16/09/2015;0000;31.7;71.5;
83582;17/09/2015;0000;33.7;65;
83582;18/09/2015;0000;34.5;65.75;
83582;19/09/2015;0000;34.1;64;
83582;20/09/2015;0000;33.5;60.25;
83582;21/09/2015;0000;33.3;62.5;
83582;22/09/2015;0000;34.2;64.75;
83582;23/09/2015;0000;35.5;64;
83582;24/09/2015;0000;36.3;63.75;
83582;25/09/2015;0000;37.3;62.25;
83582;26/09/2015;0000;34.5;68.25;
83582;27/09/2015;0000;34.5;63.75;
83582;28/09/2015;0000;29.6;79.25;
83582;29/09/2015;0000;23.8;86.5;
83582;30/09/2015;0000;25.4;87.75;
83582;01/10/2015;0000;33.1;66;
83582;02/10/2015;0000;34.5;62.25;
83582;03/10/2015;0000;34.7;68.5;
83582;04/10/2015;0000;33.9;77;
83582;05/10/2015;0000;33.7;66.25;
83582;06/10/2015;0000;32.3;71.5;
83582;07/10/2015;0000;33.5;70.75;
83582;08/10/2015;0000;33.1;67;
83582;09/10/2015;0000;35.1;55.75;
83582;10/10/2015;0000;35.1;56.25;
83582;11/10/2015;0000;35.5;59.75;
83582;12/10/2015;0000;35.7;53.75;
83582;13/10/2015;0000;34.5;57.25;
83582;14/10/2015;0000;35.7;55.75;
83582;15/10/2015;0000;37.3;55.5;
83582;16/10/2015;0000;38.3;55.75;
83582;17/10/2015;0000;38.9;56.5;
83582;18/10/2015;0000;36.7;62.5;
83582;19/10/2015;0000;36.1;67.5;
83582;20/10/2015;0000;37.3;54.5;
83582;21/10/2015;0000;36.1;71;
83582;22/10/2015;0000;36.7;78.25;
83582;23/10/2015;0000;33.1;79.5;
83582;24/10/2015;0000;34.9;66.75;
83582;25/10/2015;0000;33.9;67.25;
83582;26/10/2015;0000;30.9;73.75;
83582;27/10/2015;0000;31.7;79.25;
83582;28/10/2015;0000;27.6;89;
83582;29/10/2015;0000;32.5;68;
83582;30/10/2015;0000;31.5;72;
83582;31/10/2015;0000;31.5;71.75;
83582;01/11/2015;0000;30.9;83.25;
83582;02/11/2015;0000;28.6;91.5;
83582;03/11/2015;0000;31.1;87;
83582;04/11/2015;0000;34.1;76.75;
83582;05/11/2015;0000;35.5;78.5;
83582;06/11/2015;0000;36.3;64.75;
83582;07/11/2015;0000;34.1;80;
83582;08/11/2015;0000;30;83.75;
83582;09/11/2015;0000;26.8;89;
83582;10/11/2015;0000;34.9;71.75;
83582;11/11/2015;0000;36.5;58.5;
83582;12/11/2015;0000;35.9;62.25;
83582;13/11/2015;0000;35.1;65.75;
83582;14/11/2015;0000;34.9;71.5;
83582;15/11/2015;0000;25.4;94.75;
83582;16/11/2015;0000;31.7;80.25;
83582;17/11/2015;0000;30.7;78.5;
83582;18/11/2015;0000;33.3;78.5;
83582;19/11/2015;0000;33.5;79.5;
83582;20/11/2015;0000;28.8;90;
83582;21/11/2015;0000;32.3;82.75;
83582;22/11/2015;0000;31.1;82;
83582;23/11/2015;0000;31.7;89;
83582;24/11/2015;0000;27;90;
83582;25/11/2015;0000;30.5;79.25;
83582;26/11/2015;0000;30.9;82.25;
83582;27/11/2015;0000;33.1;74.5;
83582;28/11/2015;0000;31.9;85.75;
83582;29/11/2015;0000;30.7;93.75;
83582;30/11/2015;0000;32.1;80.75;
83582;01/12/2015;0000;30.9;84.5;
83582;02/12/2015;0000;30.5;85.5;
83582;03/12/2015;0000;31.3;81.25;
83582;04/12/2015;0000;33.3;79.5;
83582;05/12/2015;0000;27.4;96;
83582;06/12/2015;0000;29;89.25;
83582;07/12/2015;0000;30.7;85.75;
83582;08/12/2015;0000;28;89.25;
83582;09/12/2015;0000;31.3;84.5;
83582;10/12/2015;0000;30.5;90.25;
83582;11/12/2015;0000;31.3;77.25;
83582;12/12/2015;0000;31.1;79;
83582;13/12/2015;0000;30.7;88.75;
83582;14/12/2015;0000;31.5;81.25;
83582;15/12/2015;0000;33.5;67;
83582;16/12/2015;0000;33.3;77.5;
83582;17/12/2015;0000;32.5;80;
83582;18/12/2015;0000;33.1;77.75;
83582;19/12/2015;0000;33.5;72.25;
83582;20/12/2015;0000;32.9;67;
83582;21/12/2015;0000;30.9;74.25;
83582;22/12/2015;0000;32.3;78.5;
83582;23/12/2015;0000;32.7;69.5;
83582;24/12/2015;0000;33.1;69.5;
83582;25/12/2015;0000;33.9;70.25;
83582;26/12/2015;0000;31.7;79.75;
83582;27/12/2015;0000;30;87.25;
83582;28/12/2015;0000;29.2;94.75;
83582;29/12/2015;0000;24.2;93.75;
83582;30/12/2015;0000;27.2;89.5;
83582;31/12/2015;0000;31.3;78.75;
83582;01/01/2016;0000;33.1;80.5;
83582;02/01/2016;0000;32.9;90.75;
83582;03/01/2016;0000;28;95.25;
83582;04/01/2016;0000;27;92.75;
83582;05/01/2016;0000;28.4;80.75;
83582;06/01/2016;0000;29.2;78.75;
83582;07/01/2016;0000;30.9;92.75;
83582;08/01/2016;0000;29.2;90.5;
83582;09/01/2016;0000;27.8;88.25;
83582;10/01/2016;0000;30.7;81.5;
83582;11/01/2016;0000;30.7;87.75;
83582;12/01/2016;0000;25.8;96.25;
83582;13/01/2016;0000;26.8;96.75;
83582;14/01/2016;0000;28.4;95.5;
83582;15/01/2016;0000;24.9;95.75;
83582;16/01/2016;0000;29.4;91;
83582;17/01/2016;0000;28;85;
83582;18/01/2016;0000;29;85.75;
83582;19/01/2016;0000;28;94.25;
83582;20/01/2016;0000;27.6;96;
83582;21/01/2016;0000;30.7;82.5;
83582;22/01/2016;0000;29.6;72.25;
83582;23/01/2016;0000;32.1;80;
83582;24/01/2016;0000;29;82.5;
83582;25/01/2016;0000;31.7;88.25;
83582;26/01/2016;0000;34.1;81.25;
83582;27/01/2016;0000;31.5;83.75;
83582;28/01/2016;0000;27.2;92.5;
83582;29/01/2016;0000;27;94;
83582;30/01/2016;0000;31.7;77.75;
83582;31/01/2016;0000;31.9;73.5;
83582;01/02/2016;0000;33.3;72.25;
83582;02/02/2016;0000;34.5;72.75;
83582;03/02/2016;0000;33.7;72.5;
83582;04/02/2016;0000;33.3;71;
83582;05/02/2016;0000;32.5;81.25;
83582;06/02/2016;0000;32.7;72.25;
83582;07/02/2016;0000;32.3;79.5;
83582;08/02/2016;0000;31.9;82;
83582;09/02/2016;0000;32.1;70.5;
83582;10/02/2016;0000;34.9;72.25;
83582;11/02/2016;0000;34.1;;
83582;12/02/2016;0000;32.7;;
83582;13/02/2016;0000;33.3;;
83582;15/02/2016;0000;32.5;;
83582;16/02/2016;0000;30.9;;
83582;17/02/2016;0000;33.1;;
83582;18/02/2016;0000;32.7;;
83582;19/02/2016;0000;30.5;;
83582;20/02/2016;0000;32.7;;
83582;22/02/2016;0000;31.5;;
83582;23/02/2016;0000;30.7;;
83582;24/02/2016;0000;32.9;;
83582;25/02/2016;0000;31.9;;
83582;26/02/2016;0000;32.5;;
83582;27/02/2016;0000;32.7;;
83582;29/02/2016;0000;34.1;;
83582;01/03/2016;0000;29.2;;
83582;02/03/2016;0000;30.3;;
83582;03/03/2016;0000;28.8;;
83582;04/03/2016;0000;26.8;;
83582;05/03/2016;0000;27.8;;
83582;07/03/2016;0000;30.9;;
83582;08/03/2016;0000;30.5;;
83582;09/03/2016;0000;30.7;;
83582;10/03/2016;0000;30.5;;
83582;11/03/2016;0000;26.6;;
83582;12/03/2016;0000;28.2;;
83582;14/03/2016;0000;30.7;;
83582;15/03/2016;0000;30.3;;
83582;16/03/2016;0000;29.6;;
83582;17/03/2016;0000;29.8;;
83582;18/03/2016;0000;31.9;;
83582;19/03/2016;0000;33.5;;
83582;21/03/2016;0000;32.7;;
83582;22/03/2016;0000;33.7;;
83582;23/03/2016;0000;35.1;;
83582;24/03/2016;0000;29.2;;
83582;25/03/2016;0000;27.6;;
83582;26/03/2016;0000;23.2;;
83582;28/03/2016;0000;31.5;;
83582;29/03/2016;0000;33.1;;
83582;30/03/2016;0000;31.5;;
83582;31/03/2016;0000;31.3;;
83582;01/04/2016;0000;32.7;;
83582;02/04/2016;0000;32.5;;
83582;04/04/2016;0000;31.3;82.25;
83582;05/04/2016;0000;31.9;76.25;
83582;06/04/2016;0000;31.7;80.75;
83582;07/04/2016;0000;33.1;83.5;
83582;08/04/2016;0000;33.7;79.75;
83582;09/04/2016;0000;33.9;74.75;
83582;10/04/2016;0000;33.7;77;
83582;11/04/2016;0000;32.3;74.5;
83582;12/04/2016;0000;31.3;76;
83582;13/04/2016;0000;32.4;74.25;
83582;14/04/2016;0000;32.1;77;
83582;15/04/2016;0000;31.5;76;
83582;16/04/2016;0000;31.1;76.5;
83582;17/04/2016;0000;31.5;78;
83582;18/04/2016;0000;31.3;70.5;
83582;19/04/2016;0000;31.5;81.25;
83582;20/04/2016;0000;31.3;85;
83582;21/04/2016;0000;31.7;75.25;
83582;22/04/2016;0000;33.7;75.25;
83582;23/04/2016;0000;31.3;73.25;
83582;24/04/2016;0000;31.7;77.75;
83582;25/04/2016;0000;31.9;80.25;
83582;26/04/2016;0000;30.5;76.75;
83582;27/04/2016;0000;29.2;79.75;
83582;28/04/2016;0000;28.6;83.75;
83582;29/04/2016;0000;23.8;93.5;
83582;30/04/2016;0000;27.4;83.5;
83582;01/05/2016;0000;28;77.75;
83582;02/05/2016;0000;27.8;79.25;
83582;03/05/2016;0000;28;83.25;
83582;04/05/2016;0000;30.5;81.75;
83582;05/05/2016;0000;31.3;79;
83582;06/05/2016;0000;29.4;82;
83582;07/05/2016;0000;31.1;78.5;
83582;08/05/2016;0000;30.7;75.25;
83582;09/05/2016;0000;29.2;82;
83582;10/05/2016;0000;32.5;76.5;
83582;11/05/2016;0000;31.1;81;
83582;12/05/2016;0000;30.5;79.75;
83582;13/05/2016;0000;29;81.75;
83582;14/05/2016;0000;26;86;
83582;15/05/2016;0000;27;81.75;
83582;16/05/2016;0000;26.8;87;
83582;17/05/2016;0000;30.7;80.5;
83582;18/05/2016;0000;30;88.75;
83582;19/05/2016;0000;29;86.25;
83582;20/05/2016;0000;29.2;82;
83582;21/05/2016;0000;25.8;84.5;
83582;22/05/2016;0000;30.3;80.5;
83582;23/05/2016;0000;30;75.25;
83582;24/05/2016;0000;25.8;80.75;
83582;25/05/2016;0000;26.8;78.75;
83582;26/05/2016;0000;27.8;82.25;
83582;27/05/2016;0000;28.8;79.5;
83582;28/05/2016;0000;25.6;84.25;
83582;29/05/2016;0000;27.4;81;
83582;30/05/2016;0000;29.6;72.25;
83582;31/05/2016;0000;26;85;
83582;01/06/2016;0000;28.4;87.75;
83582;02/06/2016;0000;24.6;91.5;
83582;03/06/2016;0000;22;93.5;
83582;04/06/2016;0000;27.6;88;
83582;05/06/2016;0000;29.8;89.5;
83582;06/06/2016;0000;31.5;83.25;
83582;07/06/2016;0000;27.8;80.5;
83582;08/06/2016;0000;28;72.75;
83582;09/06/2016;0000;25.8;77.5;
83582;10/06/2016;0000;27.6;70.75;
83582;11/06/2016;0000;26;78.25;
83582;12/06/2016;0000;26.4;72.75;
83582;13/06/2016;0000;22.8;81.75;
83582;14/06/2016;0000;23.6;83;
83582;15/06/2016;0000;26.2;82;
83582;16/06/2016;0000;26.4;81.5;
83582;17/06/2016;0000;26.2;80.25;
83582;18/06/2016;0000;28.4;81;
83582;19/06/2016;0000;27.4;77.25;
83582;20/06/2016;0000;28;79.25;
83582;21/06/2016;0000;26;84.75;
83582;22/06/2016;0000;29;85.75;
83582;23/06/2016;0000;27.2;86;
83582;24/06/2016;0000;27.6;80.25;
83582;25/06/2016;0000;25.4;80.75;
83582;26/06/2016;0000;23.8;79.75;
83582;27/06/2016;0000;24;81.75;
83582;28/06/2016;0000;25.6;79;
83582;29/06/2016;0000;25.4;84.25;
83582;30/06/2016;0000;26.8;83.25;
83582;01/07/2016;0000;27.2;83.5;
83582;02/07/2016;0000;26.8;78.25;
83582;03/07/2016;0000;27;80.25;
83582;04/07/2016;0000;26.4;81;
83582;05/07/2016;0000;26.6;82;
83582;06/07/2016;0000;28.2;78.5;
83582;07/07/2016;0000;30.5;70.5;
83582;08/07/2016;0000;28.8;76.75;
83582;09/07/2016;0000;27.4;77;
83582;10/07/2016;0000;30.3;79.75;
83582;11/07/2016;0000;30.5;76.75;
83582;12/07/2016;0000;31.9;73.25;
83582;13/07/2016;0000;28.8;75.75;
83582;14/07/2016;0000;30.7;76.5;
83582;15/07/2016;0000;31.9;75.25;
83582;16/07/2016;0000;32.5;60.75;
83582;17/07/2016;0000;27.2;69.75;
83582;18/07/2016;0000;27.6;76.5;
83582;19/07/2016;0000;27.8;75.75;
83582;20/07/2016;0000;28.4;78;
83582;21/07/2016;0000;29;73.75;
83582;22/07/2016;0000;27.8;78.75;
83582;23/07/2016;0000;27.6;82.25;
83582;24/07/2016;0000;27.6;77;
83582;25/07/2016;0000;28;74;
83582;26/07/2016;0000;28.6;71;
83582;27/07/2016;0000;32.1;74.75;
83582;28/07/2016;0000;31.1;75;
83582;29/07/2016;0000;28;73.5;
83582;30/07/2016;0000;26.6;75.75;
83582;31/07/2016;0000;25;58.5;
83582;01/08/2016;0000;26.2;79.25;
83582;02/08/2016;0000;27.6;77.5;
83582;03/08/2016;0000;29;73.25;
83582;04/08/2016;0000;27.6;77.75;
83582;05/08/2016;0000;28.8;74;
83582;06/08/2016;0000;30;72;
83582;07/08/2016;0000;31.9;70;
83582;08/08/2016;0000;32.7;67.25;
83582;09/08/2016;0000;33.7;62.5;
83582;10/08/2016;0000;31.5;71.25;
83582;11/08/2016;0000;28;61.75;
83582;12/08/2016;0000;28;69.5;
83582;13/08/2016;0000;30;69.75;
83582;14/08/2016;0000;33.3;67.75;
83582;15/08/2016;0000;34.1;54.25;
83582;16/08/2016;0000;26.4;86.25;
83582;17/08/2016;0000;30.9;84.25;
83582;18/08/2016;0000;33.7;68.75;
83582;19/08/2016;0000;31.9;61.25;
83582;20/08/2016;0000;32.7;70;
83582;21/08/2016;0000;22.8;82;
83582;22/08/2016;0000;25.8;71.25;
83582;23/08/2016;0000;28.2;80.75;
83582;24/08/2016;0000;29;70;
83582;25/08/2016;0000;29.4;69.75;
83582;26/08/2016;0000;28.6;69;
83582;27/08/2016;0000;30.3;67.5;
83582;28/08/2016;0000;30.9;67.75;
83582;29/08/2016;0000;31.7;66.75;
83582;30/08/2016;0000;32.3;70.25;
83582;31/08/2016;0000;31.3;70.25;
83582;01/09/2016;0000;30;78;
83582;02/09/2016;0000;31.9;62.75;
83582;03/09/2016;0000;30;69.25;
83582;04/09/2016;0000;30.5;65.5;
83582;05/09/2016;0000;31.3;61.25;
83582;06/09/2016;0000;28;70.75;
83582;07/09/2016;0000;33.9;64.75;
83582;08/09/2016;0000;33.9;75;
83582;09/09/2016;0000;33.3;66.25;
83582;10/09/2016;0000;33.1;66;
83582;11/09/2016;0000;33.1;68.75;
83582;12/09/2016;0000;32.9;60.5;
83582;13/09/2016;0000;36.5;65.25;
83582;14/09/2016;0000;36.5;58.75;
83582;15/09/2016;0000;35.1;62.5;
83582;16/09/2016;0000;31.5;74.25;
83582;17/09/2016;0000;32.7;68.25;
83582;18/09/2016;0000;36.7;62;
83582;19/09/2016;0000;37.1;58;
83582;20/09/2016;0000;32.3;70;
83582;21/09/2016;0000;32.3;53.5;
83582;22/09/2016;0000;31.3;61;
83582;23/09/2016;0000;34.1;63.5;
83582;24/09/2016;0000;34.1;75;
83582;25/09/2016;0000;34.1;64.5;
83582;26/09/2016;0000;31.5;71;
83582;27/09/2016;0000;30.9;73.25;
83582;28/09/2016;0000;31.1;75.5;
83582;29/09/2016;0000;36.1;61.25;
83582;30/09/2016;0000;34.9;64.75;
83582;01/10/2016;0000;32.5;68.5;
83582;02/10/2016;0000;31.3;71;
83582;03/10/2016;0000;29.8;79.25;
83582;04/10/2016;0000;24.2;96.5;
83582;05/10/2016;0000;28.8;85.5;
83582;06/10/2016;0000;28.6;66;
83582;07/10/2016;0000;30;68;
83582;08/10/2016;0000;32.9;63.25;
83582;09/10/2016;0000;35.9;63.75;
83582;10/10/2016;0000;33.3;68.5;
83582;11/10/2016;0000;30.5;72.5;
83582;12/10/2016;0000;30.3;79.5;
83582;13/10/2016;0000;31.7;71;
83582;14/10/2016;0000;24.4;92.75;
83582;15/10/2016;0000;31.2;85.5;
83582;16/10/2016;0000;33.9;75.75;
83582;17/10/2016;0000;35.5;71.5;
83582;18/10/2016;0000;35.7;71;
83582;19/10/2016;0000;37.1;72;
83582;20/10/2016;0000;36.1;80;
83582;21/10/2016;0000;34.7;67.25;
83582;22/10/2016;0000;30.7;82;
83582;23/10/2016;0000;31.9;71;
83582;24/10/2016;0000;34.3;71.25;
83582;25/10/2016;0000;33.7;73;
83582;26/10/2016;0000;33.5;70;
83582;27/10/2016;0000;33.3;79;
83582;28/10/2016;0000;31.9;66.25;
83582;29/10/2016;0000;30;67.25;
83582;30/10/2016;0000;27.2;83.5;
83582;31/10/2016;0000;31.3;72.25;
83582;01/11/2016;0000;29.4;74.75;
83582;02/11/2016;0000;27.4;75.75;
83582;03/11/2016;0000;33.3;72.5;
83582;04/11/2016;0000;22.6;96;
83582;05/11/2016;0000;27.2;82;
83582;06/11/2016;0000;27;76.5;
83582;07/11/2016;0000;28;90;
83582;08/11/2016;0000;30.9;81.5;
83582;09/11/2016;0000;31.7;78.75;
83582;10/11/2016;0000;30.9;83.5;
83582;11/11/2016;0000;32.1;82.25;
83582;12/11/2016;0000;30.7;81;
83582;13/11/2016;0000;23.6;94.75;
83582;14/11/2016;0000;23.4;97.75;
83582;15/11/2016;0000;32.3;84;
83582;16/11/2016;0000;30.5;87;
83582;17/11/2016;0000;28.4;85.5;
83582;18/11/2016;0000;30.9;89.5;
83582;19/11/2016;0000;26.6;73.75;
83582;20/11/2016;0000;29.4;70.5;
83582;21/11/2016;0000;28;78.75;
83582;22/11/2016;0000;26.8;92.5;
83582;23/11/2016;0000;26.2;93.5;
83582;24/11/2016;0000;32.3;86;
83582;25/11/2016;0000;32.5;82;
83582;26/11/2016;0000;31.9;79.25;
83582;27/11/2016;0000;32.9;79;
83582;28/11/2016;0000;33.3;73.25;
83582;29/11/2016;0000;34.7;81.75;
83582;30/11/2016;0000;27.2;88.25;
83582;07/12/2016;0000;34.1;;
83582;08/12/2016;0000;34.5;;
83582;09/12/2016;0000;31.7;;
83582;10/12/2016;0000;31.7;;
83582;12/12/2016;0000;31.3;;
83582;13/12/2016;0000;29;;
83582;14/12/2016;0000;29.8;;
83582;15/12/2016;0000;27;;
83582;16/12/2016;0000;23.6;;
83582;17/12/2016;0000;25.6;;
83582;19/12/2016;0000;28.4;;
83582;20/12/2016;0000;29.4;;
83582;21/12/2016;0000;30.5;72.5;
83582;22/12/2016;0000;32.1;75;
83582;23/12/2016;0000;32.3;72;
83582;24/12/2016;0000;32.9;72.25;
83582;25/12/2016;0000;35.7;68.75;
83582;26/12/2016;0000;33.5;74.25;
83582;27/12/2016;0000;34.9;69.75;
83582;28/12/2016;0000;35.1;72.75;
83582;29/12/2016;0000;32.9;75;
83582;30/12/2016;0000;32.9;74.25;
83582;31/12/2016;0000;34.5;70.5;